apk_id,package,label,score,size_mb,first_installed,last_monitored,proxy_count,huawei_count,installed_on_device,apk_path,domain,download_url,status,download_time,detect_time,install_time,node_time
714cpk28,ldp.swtacwpthqoe.cyfueitnswummxsjngda,UAtpqd,80,65,2026-07-23 20:08,2026-07-24 13:53,21,4,true,new_samples/714cpk28.apk,714cpk28,,ok,,,,
718c257,cii.gjjvikjqhhupaab.aaoknxedxpgnwa,WkNAvY,80,60,2026-07-23 20:09,2026-07-24 13:53,15,1,true,new_samples/718c257.apk,718c257,,ok,,,,
718xssp20,com.qdvvgnzdnhiqqbf.ooyblxyrjmluulgbgdek,QOXNls,80,63,2026-07-23 20:09,2026-07-24 13:53,21,4,true,new_samples/718xssp20.apk,718xssp20,,ok,,,,
720a275,cngjlbmff.evjkbhwcetabwgyw.chqnfkne,UKaIlQ,80,62,2026-07-23 20:09,2026-07-24 13:53,15,0,true,new_samples/720a275.apk,720a275,,ok,,,,
720a275_w8zc3_com,bbbyyeefh.wexxetfaliyvaqbs.hfgjolxw,Qqshct,80,62,2026-07-23 20:10,2026-07-24 13:53,15,0,true,new_samples/720a275_w8zc3_com.apk,720a275,,ok,,,,
720bh282,sgv.wdbijuhlemtbj.unvvkhfxfameqhldorq,KgZVyX,80,65,2026-07-23 20:10,2026-07-24 13:53,0,0,true,new_samples/720bh282.apk,720bh282,,no_nodes,,,,
720bh282_livs6_com,aah.cjtuiwgxkdgym.xdueaqgrdhyuyodoakv,IUJAwr,80,65,2026-07-23 20:10,2026-07-24 13:53,0,0,true,new_samples/720bh282_livs6_com.apk,720bh282,,no_nodes,,,,
720pt1,ybp.kdxrbdjkfyfa.khdcpdgopxndqpbuyj,KQfclp,80,62,2026-07-23 20:11,2026-07-24 13:53,0,0,true,new_samples/720pt1.apk,720pt1,,no_nodes,,,,
720pt1_eeaq5_com,bgk.npclkwfmacbj.stdumbofrxamkpmniw,EPxBag,80,62,2026-07-23 20:11,2026-07-24 13:53,0,0,true,new_samples/720pt1_eeaq5_com.apk,720pt1,,no_nodes,,,,
720pt2_dpuhv_top,bgk.npclkwfmacbj.stdumbofrxamkpmniw,EPxBag,80,62,2026-07-23 20:11,2026-07-24 13:53,0,0,true,new_samples/720pt2_dpuhv_top.apk,720pt2,,no_nodes,,,,
720ww55_j8rh8w_top,dcm.oyilqypbfykjic.yjsnwjgyarvmculrhseb,tMRncA,80,63,2026-07-23 20:12,2026-07-24 13:53,0,0,true,new_samples/720ww55_j8rh8w_top.apk,720ww55,,no_nodes,,,,
721cpa5,jlu.clisymxohrsrbcw.otmxtcihooocbacdecuc,CzQwgY,80,65,2026-07-23 20:12,2026-07-24 13:53,0,0,true,new_samples/721cpa5.apk,721cpa5,,no_nodes,,,,
721cpa5_vbbon_com,ueo.pnapwdfxgemmlwh.thsmlusbhaafayqpmrop,lBfyIi,80,65,2026-07-23 20:12,2026-07-24 13:53,0,0,true,new_samples/721cpa5_vbbon_com.apk,721cpa5,,no_nodes,,,,
721cpc06,ait.bwucaomsepjdbgy.dbpndjdbpunguop,NlgojU,80,66,2026-07-23 20:13,2026-07-24 13:53,0,0,true,new_samples/721cpc06.apk,721cpc06,,no_nodes,,,,
721cpc06_i1bmh_com,vtn.jjpxothcforpsaa.jtuqpfaeejxxeqg,fvmaLE,80,65,2026-07-23 20:13,2026-07-24 13:53,0,0,true,new_samples/721cpc06_i1bmh_com.apk,721cpc06,,no_nodes,,,,
721fc031,l7v_1rpq9kz9tkz9ozf8_.ph727_ykyxyb0rmisr6_w9c.cy_n8gm6afl6shjsvxmfkc5esfbse,उत्तेजित,40,91,2026-07-23 20:13,2026-07-24 13:53,0,0,true,new_samples/721fc031.apk,721fc031,,no_nodes,,,,
721pt1_k2ebr_top,bgk.npclkwfmacbj.stdumbofrxamkpmniw,EPxBag,80,62,2026-07-23 20:14,2026-07-24 13:53,0,0,true,new_samples/721pt1_k2ebr_top.apk,721pt1,,no_nodes,,,,
721sf5_9ursg_top,bbbyyeefh.wexxetfaliyvaqbs.hfgjolxw,Qqshct,80,62,2026-07-23 20:14,2026-07-24 13:53,15,0,true,new_samples/721sf5_9ursg_top.apk,721sf5,,ok,,,,
721yh118,oow.fufsegdrnlxs.obarucmklnbikqfiqyxr,OsCOYc,80,65,2026-07-23 20:14,2026-07-24 13:53,0,0,true,new_samples/721yh118.apk,721yh118,,no_nodes,,,,
721yh118_6p3n0_com,tke.vjvpcxwbgcxn.clblevnhryjlvqdjhsns,FLFAlT,80,65,2026-07-23 20:15,2026-07-24 13:53,0,0,true,new_samples/721yh118_6p3n0_com.apk,721yh118,,no_nodes,,,,
721yh366_0x8ls_com,tke.vjvpcxwbgcxn.clblevnhryjlvqdjhsns,FLFAlT,80,65,2026-07-23 20:15,2026-07-24 13:53,0,0,true,new_samples/721yh366_0x8ls_com.apk,721yh366,,no_nodes,,,,
721yh485_z3x4k_com,bva.vmalbuihxsxr.asqcwavqwftumojjmmef,vYCVmH,80,65,2026-07-23 20:15,2026-07-24 13:53,0,0,true,new_samples/721yh485_z3x4k_com.apk,721yh485,,no_nodes,,,,
719yh163.lg3af.com,bkh.fvbqyotthgae.ixnoohulmdoerdnbnomq,fsjpyY,80,65,2026-07-23 20:35,2026-07-24 13:53,21,4,true,/home/ninini/Agents/APK-Research/new_samples/719yh163.lg3af.com.apk,719yh163.lg3af.com,https://719yh163.lg3af.com/,ok,,,,
71du008.ofx2e.com,hnp.ovjmhdqsaey.sgudnvhrrvbovbj,FrnVUw,80,61,2026-07-23 20:36,2026-07-24 13:53,14,0,true,/home/ninini/Agents/APK-Research/new_samples/71du008.ofx2e.com.apk,71du008.ofx2e.com,https://71du008.ofx2e.com/,ok,,,,
710cpa4.xv7kr.com,uqu.ikvsdnwtnfto.cxveccaubkkjfvlknq,vcJemh,80,62,2026-07-23 20:37,2026-07-23 20:37,0,0,false,/home/ninini/Agents/APK-Research/new_samples/710cpa4.xv7kr.com.apk,710cpa4.xv7kr.com,https://710cpa4.xv7kr.com/,uninstalled_no_nodes,,,,
711cpb15.0de7z.com,lkb.yeyvatxjtkx.dsjtrouowrlnhdgy,kRkrNY,80,64,2026-07-23 20:38,2026-07-24 13:53,0,0,true,/home/ninini/Agents/APK-Research/new_samples/711cpb15.0de7z.com.apk,711cpb15.0de7z.com,https://711cpb15.0de7z.com/,no_nodes,,,,
712sl001.mj56l.com,cwx.lkpdcektbyt.hlxmkfexoaqfsgf,RVtBPz,80,61,2026-07-23 20:39,2026-07-24 13:53,14,0,true,/home/ninini/Agents/APK-Research/new_samples/712sl001.mj56l.com.apk,712sl001.mj56l.com,https://712sl001.mj56l.com/,ok,,,,
715cpa12.rr8kr.com,ryl.wqqvsnfjurrlcxj.kofdtxcklsvoekiarrtb,STbtkl,80,65,2026-07-23 20:39,2026-07-23 20:39,0,0,false,/home/ninini/Agents/APK-Research/new_samples/715cpa12.rr8kr.com.apk,715cpa12.rr8kr.com,https://715cpa12.rr8kr.com/,uninstalled_no_nodes,,,,
719pt2.e67c7.com,uqu.ikvsdnwtnfto.cxveccaubkkjfvlknq,vcJemh,80,62,2026-07-23 20:40,2026-07-24 13:53,0,0,true,/home/ninini/Agents/APK-Research/new_samples/719pt2.e67c7.com.apk,719pt2.e67c7.com,https://719pt2.e67c7.com/,no_nodes,,,,
716cpb18.w67gf.com,onf.cvybgtbgkny.hrbulikrtefsoxpf,UlnSwv,80,64,2026-07-23 20:41,2026-07-24 13:53,15,0,true,/home/ninini/Agents/APK-Research/new_samples/716cpb18.w67gf.com.apk,716cpb18.w67gf.com,https://716cpb18.w67gf.com/,ok,,,,
71du009.q78gf.com,cwx.lkpdcektbyt.hlxmkfexoaqfsgf,RVtBPz,80,61,2026-07-23 20:41,2026-07-24 13:53,14,0,true,/home/ninini/Agents/APK-Research/new_samples/71du009.q78gf.com.apk,71du009.q78gf.com,https://71du009.q78gf.com/,ok,,,,
719sf4.hw4h5.com,strmyjlhp.iyyilusoieiwoacj.ddthedka,aGdtWx,80,62,2026-07-23 20:42,2026-07-23 20:42,0,0,false,/home/ninini/Agents/APK-Research/new_samples/719sf4.hw4h5.com.apk,719sf4.hw4h5.com,https://719sf4.hw4h5.com/,uninstalled_no_nodes,,,,
718cpa7.qsaw0.com,xxx.rmgwsqswbphyvxh.pgbgtcfjnnqdsvjnapmn,zIGayZ,80,65,2026-07-23 20:43,2026-07-23 20:43,0,0,false,/home/ninini/Agents/APK-Research/new_samples/718cpa7.qsaw0.com.apk,718cpa7.qsaw0.com,https://718cpa7.qsaw0.com/,uninstalled_no_nodes,,,,
721yh176.0x8ls.com,oyo.gwsyncgnaqsm.lslbvelvhcxorrlvjifh,WFKuoh,80,65,2026-07-23 20:44,2026-07-24 13:53,0,0,true,/home/ninini/Agents/APK-Research/new_samples/721yh176.0x8ls.com.apk,721yh176.0x8ls.com,https://721yh176.0x8ls.com/,no_nodes,,,,
710cpa6.4okci.com,xxx.rmgwsqswbphyvxh.pgbgtcfjnnqdsvjnapmn,zIGayZ,80,65,2026-07-23 20:45,2026-07-24 13:53,0,0,true,/home/ninini/Agents/APK-Research/new_samples/710cpa6.4okci.com.apk,710cpa6.4okci.com,https://710cpa6.4okci.com/,no_nodes,,,,
710yh213.xbrjj.com,oyo.gwsyncgnaqsm.lslbvelvhcxorrlvjifh,WFKuoh,80,65,2026-07-23 20:45,2026-07-24 13:53,0,0,true,/home/ninini/Agents/APK-Research/new_samples/710yh213.xbrjj.com.apk,710yh213.xbrjj.com,https://710yh213.xbrjj.com/,no_nodes,,,,
714c136.xtxvd.com,ane.asynyuurvnynodl.tmctawclqqxw,aVAipK,80,62,2026-07-23 20:46,2026-07-24 13:53,0,0,true,/home/ninini/Agents/APK-Research/new_samples/714c136.xtxvd.com.apk,714c136.xtxvd.com,https://714c136.xtxvd.com/,no_nodes,,,,
715c212.080zk.com,ctq.oiavdigtwvmw.iohdjcarxytxuuowte,XODJzK,80,62,2026-07-23 20:47,2026-07-23 20:47,0,0,false,/home/ninini/Agents/APK-Research/new_samples/715c212.080zk.com.apk,715c212.080zk.com,https://715c212.080zk.com/,uninstalled_no_nodes,,,,
716sl155.b0416.com,ujx.mbodtcplixv.hvvcfijngpjkqdc,wRQwel,80,61,2026-07-23 20:47,2026-07-24 13:53,14,0,true,/home/ninini/Agents/APK-Research/new_samples/716sl155.b0416.com.apk,716sl155.b0416.com,https://716sl155.b0416.com/,ok,,,,
721sf5.9ursg.top,myrhhvgox.btohijvgmehbuvkb.mqyofhar,kKtMSi,80,62,2026-07-23 20:48,2026-07-23 20:48,0,0,false,/home/ninini/Agents/APK-Research/new_samples/721sf5.9ursg.top.apk,721sf5.9ursg.top,https://721sf5.9ursg.top/,uninstalled_no_nodes,,,,
712pt01.yg8n1.com,gqm.lbbbkwdcqtyq.miagggetfsupidmyoh,zAcptV,80,62,2026-07-23 20:49,2026-07-23 20:49,0,0,false,/home/ninini/Agents/APK-Research/new_samples/712pt01.yg8n1.com.apk,712pt01.yg8n1.com,https://712pt01.yg8n1.com/,uninstalled_no_nodes,,,,
713cpa8.av6ix.com,txl.hlekurqjnvxlprv.kybaekqlksscfxwodbry,XoiBoX,80,65,2026-07-23 20:50,2026-07-23 20:50,0,0,false,/home/ninini/Agents/APK-Research/new_samples/713cpa8.av6ix.com.apk,713cpa8.av6ix.com,https://713cpa8.av6ix.com/,uninstalled_no_nodes,,,,
713sl001.1plf7.com,wre.bjinyxjsqlh.byrreiiuekoresm,jWZzcH,80,61,2026-07-23 20:50,2026-07-24 13:53,0,0,true,/home/ninini/Agents/APK-Research/new_samples/713sl001.1plf7.com.apk,713sl001.1plf7.com,https://713sl001.1plf7.com/,no_nodes,,,,
71du008.av8nt.com,wre.bjinyxjsqlh.byrreiiuekoresm,jWZzcH,80,61,2026-07-23 20:51,2026-07-24 13:53,0,0,true,/home/ninini/Agents/APK-Research/new_samples/71du008.av8nt.com.apk,71du008.av8nt.com,https://71du008.av8nt.com/,no_nodes,,,,
710yh397.0mrxd.com,ghj.kxmujgluisrv.vbqktxibpgovawkpfjsb,KPdLqq,80,65,2026-07-23 20:51,2026-07-24 13:53,0,0,true,/home/ninini/Agents/APK-Research/new_samples/710yh397.0mrxd.com.apk,710yh397.0mrxd.com,https://710yh397.0mrxd.com/,no_nodes,,,,
719b243.xdp96.com,ddrgwivdj.wkvtpgrwrmrflahd.jrhweuhc,lplkZk,80,62,2026-07-23 20:52,2026-07-23 20:52,0,0,false,/home/ninini/Agents/APK-Research/new_samples/719b243.xdp96.com.apk,719b243.xdp96.com,https://719b243.xdp96.com/,uninstalled_no_nodes,,,,
721d229.tb1cy.com,edg.xrljkhmsatlp.rxsgslbthnhpabujgc,mmddYU,80,62,2026-07-23 20:53,2026-07-23 20:53,0,0,false,/home/ninini/Agents/APK-Research/new_samples/721d229.tb1cy.com.apk,721d229.tb1cy.com,https://721d229.tb1cy.com/,uninstalled_no_nodes,,,,
711cpa9.npk8h.com,kwu.glxoxmtlrbjwwda.yyshljhnyrbsdssvmvfi,eVMVmn,80,65,2026-07-23 20:54,2026-07-23 20:54,0,0,false,/home/ninini/Agents/APK-Research/new_samples/711cpa9.npk8h.com.apk,711cpa9.npk8h.com,https://711cpa9.npk8h.com/,uninstalled_no_nodes,,,,
712yh321.407ct.com,ghj.kxmujgluisrv.vbqktxibpgovawkpfjsb,KPdLqq,80,65,2026-07-23 20:55,2026-07-24 13:53,0,0,true,/home/ninini/Agents/APK-Research/new_samples/712yh321.407ct.com.apk,712yh321.407ct.com,https://712yh321.407ct.com/,no_nodes,,,,
71du022.vb0h4.com,qkr.gewkglspjar.qvnpmiqsbjluunb,DQmiyC,80,61,2026-07-23 20:55,2026-07-24 13:53,14,0,true,/home/ninini/Agents/APK-Research/new_samples/71du022.vb0h4.com.apk,71du022.vb0h4.com,https://71du022.vb0h4.com/,ok,,,,
710cpa2.zn9ut.com,erhsrtmhg.cjwrgwndcpfvopjm.wnqdqhow,HiaUtw,80,62,2026-07-23 20:56,2026-07-23 20:56,0,0,false,/home/ninini/Agents/APK-Research/new_samples/710cpa2.zn9ut.com.apk,710cpa2.zn9ut.com,https://710cpa2.zn9ut.com/,uninstalled_no_nodes,,,,
712sl001.l7y6d.com,qkr.gewkglspjar.qvnpmiqsbjluunb,DQmiyC,80,61,2026-07-23 20:57,2026-07-24 13:53,14,0,true,/home/ninini/Agents/APK-Research/new_samples/712sl001.l7y6d.com.apk,712sl001.l7y6d.com,https://712sl001.l7y6d.com/,ok,,,,
711cpb05.ujg8s.com,jwf.ifxtfmeupnq.wedxopbsyriisqla,oDPpKQ,80,64,2026-07-23 20:57,2026-07-23 20:57,0,0,false,/home/ninini/Agents/APK-Research/new_samples/711cpb05.ujg8s.com.apk,711cpb05.ujg8s.com,https://711cpb05.ujg8s.com/,uninstalled_no_nodes,,,,
721t1.thp6r.top,mwc.xhrhgmdafmpr.begwjfdawxtfvsymdx,UYJfBh,80,62,2026-07-23 20:58,2026-07-23 20:58,0,0,false,/home/ninini/Agents/APK-Research/new_samples/721t1.thp6r.top.apk,721t1.thp6r.top,https://721t1.thp6r.top/,uninstalled_no_nodes,,,,
710c209.dwt1v.com,odf.mcxdqblxoywk.mlvougavfoquaqfaui,TFuWsi,80,62,2026-07-23 21:01,2026-07-23 21:01,0,0,false,/home/ninini/Agents/APK-Research/new_samples/710c209.dwt1v.com.apk,710c209.dwt1v.com,https://710c209.dwt1v.com/,uninstalled_no_nodes,54.1,0.0,18.1,34.7
716a75.x1dtb.com,uhmllpwdw.wvmtlaynyrbvkacy.aylckhmx,XsLKIe,80,62,2026-07-23 21:02,2026-07-23 21:02,0,0,false,/home/ninini/Agents/APK-Research/new_samples/716a75.x1dtb.com.apk,716a75.x1dtb.com,https://716a75.x1dtb.com/,uninstalled_no_nodes,2.6,0.0,18.7,36.7
713yh36.y1ess.com,jux.lvsuipidrxcq.etclryetumiktfkuaqft,XmBJTw,80,65,2026-07-23 21:02,2026-07-23 21:02,0,0,false,/home/ninini/Agents/APK-Research/new_samples/713yh36.y1ess.com.apk,713yh36.y1ess.com,https://713yh36.y1ess.com/,uninstalled_no_nodes,11.6,0.0,20.4,34.6
718sf5.lv3ww.com,uhmllpwdw.wvmtlaynyrbvkacy.aylckhmx,XsLKIe,80,62,2026-07-23 21:03,2026-07-24 13:53,0,0,true,/home/ninini/Agents/APK-Research/new_samples/718sf5.lv3ww.com.apk,718sf5.lv3ww.com,https://718sf5.lv3ww.com/,no_nodes,1.8,0.0,18.7,32.3
719cpa3.7aqcw.com,mlm.eqgewqgcrdaabos.deegwhtvojju,BVJXuf,80,62,2026-07-23 21:04,2026-07-24 13:53,15,1,true,/home/ninini/Agents/APK-Research/new_samples/719cpa3.7aqcw.com.apk,719cpa3.7aqcw.com,https://719cpa3.7aqcw.com/,ok,8.0,0.0,19.7,14.7
716sf1.62sbk.com,uhmllpwdw.wvmtlaynyrbvkacy.aylckhmx,XsLKIe,80,62,2026-07-23 21:05,2026-07-24 13:53,0,0,true,/home/ninini/Agents/APK-Research/new_samples/716sf1.62sbk.com.apk,716sf1.62sbk.com,https://716sf1.62sbk.com/,no_nodes,1.7,0.0,18.9,36.1
716cpb18.ili97.com,vtw.ncwctecvxyp.yootjibjlwsvgbby,qlxtlJ,80,64,2026-07-23 21:06,2026-07-23 21:06,0,0,false,/home/ninini/Agents/APK-Research/new_samples/716cpb18.ili97.com.apk,716cpb18.ili97.com,https://716cpb18.ili97.com/,uninstalled_no_nodes,24.3,0.0,19.3,32.3
721yh118.6p3n0.com,fxd.bdibpyuelqyq.fvfcpeuhodnchuwekdya,UfcaNy,80,65,2026-07-23 21:07,2026-07-24 13:53,0,0,true,/home/ninini/Agents/APK-Research/new_samples/721yh118.6p3n0.com.apk,721yh118.6p3n0.com,https://721yh118.6p3n0.com/,no_nodes,12.2,0.0,19.1,38.2
713sf1.nfr39.com,whfmofsut.bmdmnxlbibtghmjm.oaleicyv,FVXEYO,80,62,2026-07-23 21:08,2026-07-23 21:08,0,0,false,/home/ninini/Agents/APK-Research/new_samples/713sf1.nfr39.com.apk,713sf1.nfr39.com,https://713sf1.nfr39.com/,uninstalled_no_nodes,2.4,0.0,18.6,34.7
714d18.aor7f.top,jsf.yuonlvtfcforsym.jdlqksdasiwk,bdnWhI,80,62,2026-07-23 21:09,2026-07-24 13:53,15,1,true,/home/ninini/Agents/APK-Research/new_samples/714d18.aor7f.top.apk,714d18.aor7f.top,https://714d18.aor7f.top/,ok,7.4,0.0,19.6,12.0
711yh293.54rzk.com,lxu.ukoeqdchehoy.sgdadjpimihimvjcuuap,hfqDmD,80,65,2026-07-23 21:10,2026-07-23 21:10,0,0,false,/home/ninini/Agents/APK-Research/new_samples/711yh293.54rzk.com.apk,711yh293.54rzk.com,https://711yh293.54rzk.com/,uninstalled_no_nodes,11.9,0.0,18.3,35.3
710yh428.6j75s.com,lxu.ukoeqdchehoy.sgdadjpimihimvjcuuap,hfqDmD,80,65,2026-07-23 21:11,2026-07-24 13:53,0,0,true,/home/ninini/Agents/APK-Research/new_samples/710yh428.6j75s.com.apk,710yh428.6j75s.com,https://710yh428.6j75s.com/,no_nodes,8.1,0.0,18.6,35.2
711cpa4.9rski.com,nia.rlgahflqpwbl.nqewvewcdjhefjtfcn,JglxSP,80,62,2026-07-23 21:12,2026-07-23 21:12,0,0,false,/home/ninini/Agents/APK-Research/new_samples/711cpa4.9rski.com.apk,711cpa4.9rski.com,https://711cpa4.9rski.com/,uninstalled_no_nodes,22.6,0.0,20.7,34.3
716pt5.iwgzd.com,ema.jycwoohfegve.urikkcdpifodmfbjbk,yIpikj,80,62,2026-07-23 21:13,2026-07-23 21:13,0,0,false,/home/ninini/Agents/APK-Research/new_samples/716pt5.iwgzd.com.apk,716pt5.iwgzd.com,https://716pt5.iwgzd.com/,uninstalled_no_nodes,18.3,0.0,18.1,36.5
710cpa11.ifpwk.com,cse.kbbrmipwrfdxoac.sgrmjdcljiqckeemesdc,uBJtfD,80,65,2026-07-23 21:14,2026-07-23 21:14,0,0,false,/home/ninini/Agents/APK-Research/new_samples/710cpa11.ifpwk.com.apk,710cpa11.ifpwk.com,https://710cpa11.ifpwk.com/,uninstalled_no_nodes,10.8,0.0,18.2,34.4
716c545.bejlc.com,lqu.tdihqakovorbhhj.mwemdsvbllmg,utYwAn,80,62,2026-07-23 21:14,2026-07-24 13:53,15,1,true,/home/ninini/Agents/APK-Research/new_samples/716c545.bejlc.com.apk,716c545.bejlc.com,https://716c545.bejlc.com/,ok,8.2,0.0,18.5,13.6
719yh88.lg3af.com,alf.hcyjlwuampfx.nvhhemsufgauknnvmdga,xEgNkl,80,65,2026-07-23 21:15,2026-07-23 21:15,0,0,false,/home/ninini/Agents/APK-Research/new_samples/719yh88.lg3af.com.apk,719yh88.lg3af.com,https://719yh88.lg3af.com/,uninstalled_no_nodes,6.8,0.0,18.5,35.2
712b199.ogxl6.com,qdrilsgvb.fufqfhuwqsqxosvc.hyswcebv,zrrArC,80,62,2026-07-23 21:16,2026-07-23 21:16,0,0,false,/home/ninini/Agents/APK-Research/new_samples/712b199.ogxl6.com.apk,712b199.ogxl6.com,https://712b199.ogxl6.com/,uninstalled_no_nodes,1.6,0.0,18.2,34.3
712c333.rj57f.com,epy.bokhaqbxoegj.hqdiehaelqatkvfsps,BLkVgf,80,62,2026-07-23 21:17,2026-07-23 21:17,0,0,false,/home/ninini/Agents/APK-Research/new_samples/712c333.rj57f.com.apk,712c333.rj57f.com,https://712c333.rj57f.com/,uninstalled_no_nodes,28.2,0.0,19.7,34.3
719sl002.yhyk7.com,mcv.fyaojadpfjt.jgkynkdfdbebssq,GbKUOn,80,61,2026-07-23 21:18,2026-07-23 21:18,0,0,false,/home/ninini/Agents/APK-Research/new_samples/719sl002.yhyk7.com.apk,719sl002.yhyk7.com,https://719sl002.yhyk7.com/,uninstalled_no_nodes,8.9,0.0,19.4,34.3
710sl070.udhqv.com,mcv.fyaojadpfjt.jgkynkdfdbebssq,GbKUOn,80,61,2026-07-23 21:19,2026-07-24 13:53,0,0,true,/home/ninini/Agents/APK-Research/new_samples/710sl070.udhqv.com.apk,710sl070.udhqv.com,https://710sl070.udhqv.com/,no_nodes,2.0,0.0,22.2,34.7
714yh200.k97t9.com,wum.mkutqpnmapqf.qwmcyiplbneebyvhssmm,mjmqjI,80,65,2026-07-23 21:20,2026-07-23 21:20,0,0,false,/home/ninini/Agents/APK-Research/new_samples/714yh200.k97t9.com.apk,714yh200.k97t9.com,https://714yh200.k97t9.com/,uninstalled_no_nodes,6.8,0.0,19.2,34.7
715yh144.9v5j0.com,wum.mkutqpnmapqf.qwmcyiplbneebyvhssmm,mjmqjI,80,65,2026-07-23 21:21,2026-07-24 13:53,0,0,true,/home/ninini/Agents/APK-Research/new_samples/715yh144.9v5j0.com.apk,715yh144.9v5j0.com,https://715yh144.9v5j0.com/,no_nodes,8.5,0.0,18.5,34.4
712pt04.y0dly.com,xyp.krcuxlaxhayc.amexobcdndajvmajyq,aIDIQV,80,62,2026-07-23 21:22,2026-07-23 21:22,0,0,false,/home/ninini/Agents/APK-Research/new_samples/712pt04.y0dly.com.apk,712pt04.y0dly.com,https://712pt04.y0dly.com/,uninstalled_no_nodes,15.4,0.0,19.5,33.1
714yhq8.6n3cl.com,mfw.moaurctkpkcv.tycvdcxlegfeypruvtvx,aagrvJ,80,65,2026-07-23 21:22,2026-07-23 21:22,0,0,false,/home/ninini/Agents/APK-Research/new_samples/714yhq8.6n3cl.com.apk,714yhq8.6n3cl.com,https://714yhq8.6n3cl.com/,uninstalled_no_nodes,6.6,0.0,19.6,34.2
721cpa1.1ggwp.com,wjj.xwonurutkyrblkm.utapenfdgascrgjxdrdu,tvdsuh,80,65,2026-07-23 21:24,2026-07-23 21:24,0,0,false,/home/ninini/Agents/APK-Research/new_samples/721cpa1.1ggwp.com.apk,721cpa1.1ggwp.com,https://721cpa1.1ggwp.com/,uninstalled_no_nodes,6.6,0.0,19.5,35.4
721cpa5.vbbon.com,fgc.dsaktbcndjbklsk.ahwitgspvigrvaenvovo,mJzeoB,80,65,2026-07-23 21:24,2026-07-23 21:24,0,0,false,/home/ninini/Agents/APK-Research/new_samples/721cpa5.vbbon.com.apk,721cpa5.vbbon.com,https://721cpa5.vbbon.com/,uninstalled_no_nodes,5.6,0.0,18.2,34.4
712cpb05.z3h21.com,hlv.amjtosoqemc.nalyxrjoyuwxqqik,uczZmC,80,64,2026-07-23 21:25,2026-07-23 21:25,0,0,false,/home/ninini/Agents/APK-Research/new_samples/712cpb05.z3h21.com.apk,712cpb05.z3h21.com,https://712cpb05.z3h21.com/,uninstalled_no_nodes,12.2,0.0,19.6,35.2
713cpa6.cayj8.com,xcq.jjaenpvtasgvkxn.nuvycjxlbhkm,ZaeJKR,80,61,2026-07-23 21:26,2026-07-24 13:53,15,1,true,/home/ninini/Agents/APK-Research/new_samples/713cpa6.cayj8.com.apk,713cpa6.cayj8.com,https://713cpa6.cayj8.com/,ok,9.9,0.0,18.3,13.3
714c31.f3r6v.com,xcq.jjaenpvtasgvkxn.nuvycjxlbhkm,ZaeJKR,80,61,2026-07-23 21:26,2026-07-24 13:53,15,1,true,/home/ninini/Agents/APK-Research/new_samples/714c31.f3r6v.com.apk,714c31.f3r6v.com,https://714c31.f3r6v.com/,ok,2.7,0.0,18.3,13.3
714cpk22.n1byg.com,ehe.cmpvinpntnva.kagoqjughdcewersgkec,KJSyuG,80,65,2026-07-23 21:28,2026-07-23 21:28,0,0,false,/home/ninini/Agents/APK-Research/new_samples/714cpk22.n1byg.com.apk,714cpk22.n1byg.com,https://714cpk22.n1byg.com/,uninstalled_no_nodes,9.5,0.0,18.6,34.3
716c89.x397a.com,nfj.auxvlwgqpgfuqvx.ctmrrkxqjfep,dwbTKT,80,61,2026-07-23 21:28,2026-07-24 13:53,15,1,true,/home/ninini/Agents/APK-Research/new_samples/716c89.x397a.com.apk,716c89.x397a.com,https://716c89.x397a.com/,ok,15.8,0.0,19.4,11.9
712yh102.v3sbo.com,ehe.cmpvinpntnva.kagoqjughdcewersgkec,KJSyuG,80,65,2026-07-23 21:29,2026-07-24 13:53,0,0,true,/home/ninini/Agents/APK-Research/new_samples/712yh102.v3sbo.com.apk,712yh102.v3sbo.com,https://712yh102.v3sbo.com/,no_nodes,6.5,0.0,19.8,35.0
715cpb01.73idx.com,fgo.rxvgcffcfmw.sgkfkrqlsoimwkvo,lUTdtU,80,64,2026-07-23 21:30,2026-07-23 21:30,0,0,false,/home/ninini/Agents/APK-Research/new_samples/715cpb01.73idx.com.apk,715cpb01.73idx.com,https://715cpb01.73idx.com/,uninstalled_no_nodes,10.7,0.0,18.0,34.3
718df50.ajm42.jusczz.com,com.nwqzswrhumnycn.kxfimqkwabftgos,LIgwDN,80,63,2026-07-23 21:30,2026-07-24 13:53,21,3,true,/home/ninini/Agents/APK-Research/new_samples/718df50.ajm42.jusczz.com.apk,718df50.ajm42.jusczz.com,https://718df50.ajm42.jusczz.com/,ok,10.2,0.0,19.9,12.5
718sl090.xh97o.com,gik.fwvmjgndsnm.mvfcirnupqeqnsw,RheEsj,80,61,2026-07-23 21:32,2026-07-23 21:32,0,0,false,/home/ninini/Agents/APK-Research/new_samples/718sl090.xh97o.com.apk,718sl090.xh97o.com,https://718sl090.xh97o.com/,uninstalled_no_nodes,2.9,0.0,20.2,33.0
712df3.s3iz6v.top,com.nwqzswrhumnycn.kxfimqkwabftgos,LIgwDN,80,63,2026-07-23 21:32,2026-07-24 13:53,21,3,true,/home/ninini/Agents/APK-Research/new_samples/712df3.s3iz6v.top.apk,712df3.s3iz6v.top,https://712df3.s3iz6v.top/,ok,7.1,0.0,20.0,14.4
718c190.0p31g.com,bxy.auprdojbrjknwma.atflerbftyvi,jldvhb,80,61,2026-07-23 21:33,2026-07-24 13:53,15,1,true,/home/ninini/Agents/APK-Research/new_samples/718c190.0p31g.com.apk,718c190.0p31g.com,https://718c190.0p31g.com/,ok,2.7,0.0,21.2,14.0
719cpb02.gtr3i.com,dyf.xkrrpujjyel.lhjqemsltamiufso,nmCWQV,80,64,2026-07-23 21:34,2026-07-23 21:34,0,0,false,/home/ninini/Agents/APK-Research/new_samples/719cpb02.gtr3i.com.apk,719cpb02.gtr3i.com,https://719cpb02.gtr3i.com/,uninstalled_no_nodes,11.1,0.0,18.0,34.4
714b159.owu1n.com,eqqkkodpr.wisjhuufyqvrhmig.byuxgxyx,HFIUjC,80,62,2026-07-23 21:35,2026-07-23 21:35,0,0,false,/home/ninini/Agents/APK-Research/new_samples/714b159.owu1n.com.apk,714b159.owu1n.com,https://714b159.owu1n.com/,uninstalled_no_nodes,17.4,0.0,18.4,34.6
714cpk20.wd4ii.com,iyb.oibyskkqsgne.urmgkehqbsfrwkxtkeoj,IcuxOw,80,65,2026-07-23 21:36,2026-07-23 21:36,0,0,false,/home/ninini/Agents/APK-Research/new_samples/714cpk20.wd4ii.com.apk,714cpk20.wd4ii.com,https://714cpk20.wd4ii.com/,uninstalled_no_nodes,7.2,0.0,18.5,34.3
71du012.7dqnu.com,tae.bpgmbwdascw.yyfuaphfhflpfpr,XmWQdz,80,61,2026-07-23 21:37,2026-07-23 21:37,0,0,false,/home/ninini/Agents/APK-Research/new_samples/71du012.7dqnu.com.apk,71du012.7dqnu.com,https://71du012.7dqnu.com/,uninstalled_no_nodes,17.4,0.0,18.3,34.4
713zx003.ievm6.com,qck.vqhchgcxkhbh.nivnoejyxtcjdsvulmg,cTTIWQ,80,63,2026-07-23 21:37,2026-07-24 13:53,21,2,true,/home/ninini/Agents/APK-Research/new_samples/713zx003.ievm6.com.apk,713zx003.ievm6.com,https://713zx003.ievm6.com/,ok,7.2,0.0,19.6,12.1
712c134.2y0vn.com,etc.goghjtijgjyfcaj.otuiuwcavfbj,bUeZrA,80,61,2026-07-23 21:38,2026-07-23 21:38,0,0,false,/home/ninini/Agents/APK-Research/new_samples/712c134.2y0vn.com.apk,712c134.2y0vn.com,https://712c134.2y0vn.com/,uninstalled_no_nodes,63.8,0.0,19.7,34.3
713c31.6bsi0.com,dgq.oofjwbqkdjivaiw.sdrqfmjkgalw,NZisAf,80,61,2026-07-23 21:39,2026-07-23 21:39,0,0,false,/home/ninini/Agents/APK-Research/new_samples/713c31.6bsi0.com.apk,713c31.6bsi0.com,https://713c31.6bsi0.com/,uninstalled_no_nodes,3.2,0.0,18.4,35.2
714cpk21.6p3n0.com,agx.isaxihwwssfd.lfbvpqgwvaxunnuxcpiy,aeHheS,80,65,2026-07-23 21:41,2026-07-23 21:41,0,0,false,/home/ninini/Agents/APK-Research/new_samples/714cpk21.6p3n0.com.apk,714cpk21.6p3n0.com,https://714cpk21.6p3n0.com/,uninstalled_no_nodes,6.9,0.0,18.6,35.3
711cpb15.nbnii.com,hpm.edwledbelcj.kmjiwumyrfwhkrun,vVCqtQ,80,64,2026-07-23 21:42,2026-07-23 21:42,0,0,false,/home/ninini/Agents/APK-Research/new_samples/711cpb15.nbnii.com.apk,711cpb15.nbnii.com,https://711cpb15.nbnii.com/,uninstalled_no_nodes,22.7,0.0,18.3,35.0
712b205.c8aha.com,eouibebyy.gvtsaeajpmbuihpl.islvjukj,obbBWA,80,62,2026-07-23 21:42,2026-07-23 21:42,0,0,false,/home/ninini/Agents/APK-Research/new_samples/712b205.c8aha.com.apk,712b205.c8aha.com,https://712b205.c8aha.com/,uninstalled_no_nodes,4.4,0.0,19.7,33.7
712cpb01.n3tbr.com,vcd.tfyncjtucsr.sasvsyqmtxnmprfr,xiwbuP,80,64,2026-07-23 21:43,2026-07-23 21:43,0,0,false,/home/ninini/Agents/APK-Research/new_samples/712cpb01.n3tbr.com.apk,712cpb01.n3tbr.com,https://712cpb01.n3tbr.com/,uninstalled_no_nodes,28.1,0.0,19.5,35.2
713b111.yr6qs.com,fnfvngdhf.mkltypmtbgiqbqff.lvehkklf,WTtNMT,80,62,2026-07-23 21:44,2026-07-23 21:44,0,0,false,/home/ninini/Agents/APK-Research/new_samples/713b111.yr6qs.com.apk,713b111.yr6qs.com,https://713b111.yr6qs.com/,uninstalled_no_nodes,3.0,0.0,19.5,43.1
711cpk21.0x8ls.com,iul.uwokrfwrlnwm.wbwitbuwiafnxotwhxnw,urlrSw,80,65,2026-07-23 21:46,2026-07-23 21:46,0,0,false,/home/ninini/Agents/APK-Research/new_samples/711cpk21.0x8ls.com.apk,711cpk21.0x8ls.com,https://711cpk21.0x8ls.com/yonghui/656/zhuim,uninstalled_no_nodes,11.0,0.0,19.0,35.3
711c173.f5ank.com,epk.eopdldfgtsom.nsqtlosjoyveviapqj,rGNqBT,80,62,2026-07-23 21:46,2026-07-23 21:46,0,0,false,/home/ninini/Agents/APK-Research/new_samples/711c173.f5ank.com.apk,711c173.f5ank.com,https://711c173.f5ank.com/,uninstalled_no_nodes,12.2,0.0,4.6,34.7
711cpb15.as6sz.com,yhc.vgbbolnhbfb.onixcdeinvielyht,RXyUXn,80,64,2026-07-23 21:47,2026-07-23 21:47,0,0,false,/home/ninini/Agents/APK-Research/new_samples/711cpb15.as6sz.com.apk,711cpb15.as6sz.com,https://711cpb15.as6sz.com/,uninstalled_no_nodes,7.0,0.0,6.4,36.1
712sl001.06ft6.com,evx.vkrqnvdpduy.osjfjnjxvrqkuow,nRQilq,80,61,2026-07-23 21:48,2026-07-23 21:48,0,0,false,/home/ninini/Agents/APK-Research/new_samples/712sl001.06ft6.com.apk,712sl001.06ft6.com,https://712sl001.06ft6.com/,uninstalled_no_nodes,9.6,0.0,4.4,32.9
715b340.ne2rm.com,lleogyfgl.uhqojpbxtygsthlg.yfwuebiu,xcdXBw,80,62,2026-07-23 21:49,2026-07-23 21:49,0,0,false,/home/ninini/Agents/APK-Research/new_samples/715b340.ne2rm.com.apk,715b340.ne2rm.com,https://715b340.ne2rm.com/,uninstalled_no_nodes,4.3,0.0,20.0,33.9
721cpk17.wd4ii.com,ckg.hanljnreamho.eogrbtfmgghqwynlqkvq,MzCGZq,80,65,2026-07-23 21:50,2026-07-23 21:50,0,0,false,/home/ninini/Agents/APK-Research/new_samples/721cpk17.wd4ii.com.apk,721cpk17.wd4ii.com,https://721cpk17.wd4ii.com/yonghui/656/zhuim,uninstalled_no_nodes,7.5,0.0,18.7,34.6
711b285.kvd55.com,pyxbbnydc.mupanoodbjuvvhoc.tuujqrid,ojreBM,80,62,2026-07-23 21:51,2026-07-23 21:51,0,0,false,/home/ninini/Agents/APK-Research/new_samples/711b285.kvd55.com.apk,711b285.kvd55.com,https://711b285.kvd55.com/,uninstalled_no_nodes,18.2,0.0,18.4,35.3
711cpb15.qofya.com,cvy.ecmpaknlvqd.eivowhoemitpqlqu,STJgYr,80,64,2026-07-23 21:51,2026-07-23 21:51,0,0,false,/home/ninini/Agents/APK-Research/new_samples/711cpb15.qofya.com.apk,711cpb15.qofya.com,https://711cpb15.qofya.com/,uninstalled_no_nodes,2.3,0.0,18.2,35.1
711cpb15.qwdfm.com,cvy.ecmpaknlvqd.eivowhoemitpqlqu,STJgYr,80,64,2026-07-23 21:52,2026-07-24 13:53,0,0,true,/home/ninini/Agents/APK-Research/new_samples/711cpb15.qwdfm.com.apk,711cpb15.qwdfm.com,https://711cpb15.qwdfm.com/,no_nodes,3.3,0.0,19.4,35.1
712cpa6.hcvfe.com,yev.bgtonilpgmjhtfj.sgdxanbenrokcqjgpnbk,ljvEmY,80,65,2026-07-23 21:55,2026-07-23 21:55,0,0,false,/home/ninini/Agents/APK-Research/new_samples/712cpa6.hcvfe.com.apk,712cpa6.hcvfe.com,https://712cpa6.hcvfe.com/,uninstalled_no_nodes,5.9,0.0,20.2,39.8
71du022.k84vw.com,dfs.acgpeldmfpf.cbuagfvuggfcnpt,Ypjnjy,80,61,2026-07-23 21:56,2026-07-23 21:56,0,0,false,/home/ninini/Agents/APK-Research/new_samples/71du022.k84vw.com.apk,71du022.k84vw.com,https://71du022.k84vw.com/,uninstalled_no_nodes,3.7,0.0,19.2,38.2
710c102.2ps8d.com,plf.xgxxfywkpyks.msmptalfipgdxrejbq,UHOXas,80,62,2026-07-23 21:57,2026-07-23 21:57,0,0,false,/home/ninini/Agents/APK-Research/new_samples/710c102.2ps8d.com.apk,710c102.2ps8d.com,https://710c102.2ps8d.com/,uninstalled_no_nodes,11.9,0.0,19.4,39.8
721sl154.jjzd8.com,dxn.ijbqedoihaa.oyqcnxkwfwhdvxv,HhwFMU,80,61,2026-07-23 21:58,2026-07-23 21:58,0,0,false,/home/ninini/Agents/APK-Research/new_samples/721sl154.jjzd8.com.apk,721sl154.jjzd8.com,https://721sl154.jjzd8.com/,uninstalled_no_nodes,4.1,0.0,18.6,40.5
718cpb01.mw64u.com,hhi.kudpmewcdex.btcnwdtwfrpoykeu,sZpNrN,80,64,2026-07-23 22:00,2026-07-23 22:00,0,0,false,/home/ninini/Agents/APK-Research/new_samples/718cpb01.mw64u.com.apk,718cpb01.mw64u.com,https://718cpb01.mw64u.com/,uninstalled_no_nodes,2.7,0.0,19.3,38.8
714yh119.lo0me.com,eox.cdpuionfdxlk.grgwgahgoojfdwwgqjrj,ZbBJqU,80,65,2026-07-23 22:01,2026-07-23 22:01,0,0,false,/home/ninini/Agents/APK-Research/new_samples/714yh119.lo0me.com.apk,714yh119.lo0me.com,https://714yh119.lo0me.com/,uninstalled_no_nodes,7.2,0.0,19.9,40.4
71du004.mj56l.com,nat.umduisvulof.vdjvjeurjdbahxg,yGwxwM,80,61,2026-07-23 22:02,2026-07-23 22:02,0,0,false,/home/ninini/Agents/APK-Research/new_samples/71du004.mj56l.com.apk,71du004.mj56l.com,https://71du004.mj56l.com/,uninstalled_no_nodes,67.3,0.0,17.1,39.5
718c24.mvw99.com,sly.ncmwsjtyogld.ipyfbcgfvbnwxfwjfo,ESPaiR,80,62,2026-07-23 22:04,2026-07-23 22:04,0,0,false,/home/ninini/Agents/APK-Research/new_samples/718c24.mvw99.com.apk,718c24.mvw99.com,https://718c24.mvw99.com/,uninstalled_no_nodes,42.3,0.0,19.3,38.7
718sl183.ist99.com,boo.mlwmctdmntf.qbrfnyejyvftuqs,mgVutm,80,61,2026-07-23 22:05,2026-07-23 22:05,0,0,false,/home/ninini/Agents/APK-Research/new_samples/718sl183.ist99.com.apk,718sl183.ist99.com,https://718sl183.ist99.com/,uninstalled_no_nodes,2.1,0.0,19.3,38.6
721bh150.ke6qv.com,pjo.vvxtaifqynfkv.tlooqphbceuovudxiuk,ZzqpDE,80,65,2026-07-23 22:07,2026-07-23 22:07,0,0,false,/home/ninini/Agents/APK-Research/new_samples/721bh150.ke6qv.com.apk,721bh150.ke6qv.com,https://721bh150.ke6qv.com/,uninstalled_no_nodes,8.5,0.0,17.7,41.2
711cpk26.wd4ii.com,osf.qoxhejmucobi.pnmfebwnsqsjjdnyumma,MPqdpl,80,65,2026-07-23 22:07,2026-07-23 22:07,0,0,false,/home/ninini/Agents/APK-Research/new_samples/711cpk26.wd4ii.com.apk,711cpk26.wd4ii.com,https://711cpk26.wd4ii.com/yonghui/656/zhuim,uninstalled_no_nodes,11.2,0.0,17.4,40.0
718sf3.4caef.com,hvkbmialx.qdlqrltgdepxubte.cuguaccn,tGKYzS,80,62,2026-07-23 22:08,2026-07-23 22:08,0,0,false,/home/ninini/Agents/APK-Research/new_samples/718sf3.4caef.com.apk,718sf3.4caef.com,https://718sf3.4caef.com/,uninstalled_no_nodes,2.2,0.0,18.0,40.3
719b111.fn6lj.com,hvkbmialx.qdlqrltgdepxubte.cuguaccn,tGKYzS,80,62,2026-07-23 22:09,2026-07-24 13:53,0,0,true,/home/ninini/Agents/APK-Research/new_samples/719b111.fn6lj.com.apk,719b111.fn6lj.com,https://719b111.fn6lj.com/,no_nodes,1.8,0.0,18.0,38.5
721c538.3n1no.com,nra.jrcrrupydlvmaih.bbxuhmjiixnp,jDrHHl,80,61,2026-07-23 22:10,2026-07-23 22:10,0,0,false,/home/ninini/Agents/APK-Research/new_samples/721c538.3n1no.com.apk,721c538.3n1no.com,https://721c538.3n1no.com/,uninstalled_no_nodes,5.0,0.0,17.8,39.9
710a294.hzrh1.com,vsytdwwos.sxbyxmxhwbrfrpdg.yspiieex,wdEcho,80,62,2026-07-23 22:11,2026-07-23 22:11,0,0,false,/home/ninini/Agents/APK-Research/new_samples/710a294.hzrh1.com.apk,710a294.hzrh1.com,https://710a294.hzrh1.com/,uninstalled_no_nodes,2.5,0.0,18.2,40.0
713c166.za93a.com,vso.ntyfpkdiagne.bklbvtqsjmqrbfbxxn,UaSqjx,80,62,2026-07-23 22:12,2026-07-23 22:12,0,0,false,/home/ninini/Agents/APK-Research/new_samples/713c166.za93a.com.apk,713c166.za93a.com,https://713c166.za93a.com/,uninstalled_no_nodes,37.1,0.0,18.6,39.9
713cpa3.av6ix.com,qgu.fbqfhupytsueqwc.cesxmuyabhsrjjbdwvbv,uzdiNO,80,65,2026-07-23 22:13,2026-07-23 22:13,0,0,false,/home/ninini/Agents/APK-Research/new_samples/713cpa3.av6ix.com.apk,713cpa3.av6ix.com,https://713cpa3.av6ix.com/,uninstalled_no_nodes,8.6,0.0,17.9,40.0
714sl148.afhwq.com,cdh.mxxksvenuly.xagxwaxwdofdxei,zBPkhh,80,61,2026-07-23 22:14,2026-07-23 22:14,0,0,false,/home/ninini/Agents/APK-Research/new_samples/714sl148.afhwq.com.apk,714sl148.afhwq.com,https://714sl148.afhwq.com/,uninstalled_no_nodes,2.2,0.0,19.4,39.1
715pt3.p206i.com,ets.fshlprvchtob.molmiofnyotdbmjbrv,ZQVfpR,80,62,2026-07-23 22:15,2026-07-23 22:15,0,0,false,/home/ninini/Agents/APK-Research/new_samples/715pt3.p206i.com.apk,715pt3.p206i.com,https://715pt3.p206i.com/,uninstalled_no_nodes,3.7,0.0,19.2,38.8
71du022.dk7vd.com,cdh.mxxksvenuly.xagxwaxwdofdxei,zBPkhh,80,61,2026-07-23 22:17,2026-07-24 13:53,0,0,true,/home/ninini/Agents/APK-Research/new_samples/71du022.dk7vd.com.apk,71du022.dk7vd.com,https://71du022.dk7vd.com/,no_nodes,3.8,0.0,19.4,39.0
721cpk21.0x8ls.com,sic.meboroivjpta.xccumyyelgchqqeuwgry,GzMCZi,80,65,2026-07-23 22:18,2026-07-23 22:18,0,0,false,/home/ninini/Agents/APK-Research/new_samples/721cpk21.0x8ls.com.apk,721cpk21.0x8ls.com,https://721cpk21.0x8ls.com/yonghui/656/zhuim,uninstalled_no_nodes,10.6,0.0,17.9,39.8
715cpb05.z2nzr.com,mbu.ycxduloojlt.mogxjnunsslkfbal,goHimQ,80,64,2026-07-23 22:18,2026-07-23 22:18,0,0,false,/home/ninini/Agents/APK-Research/new_samples/715cpb05.z2nzr.com.apk,715cpb05.z2nzr.com,https://715cpb05.z2nzr.com/,uninstalled_no_nodes,11.0,0.0,17.9,39.5
711c28.f5ank.com,wrn.amjqmkbynooc.fanhyoxxkuhchmfpue,xXwCYW,80,62,2026-07-23 22:19,2026-07-23 22:19,0,0,false,/home/ninini/Agents/APK-Research/new_samples/711c28.f5ank.com.apk,711c28.f5ank.com,https://711c28.f5ank.com/,uninstalled_no_nodes,15.7,0.0,18.1,41.5
721a1.aw98z.com,qoueqcmtv.ciakxjhvlkcvrjbs.ybgdeixg,chpNpG,80,62,2026-07-23 22:20,2026-07-23 22:20,0,0,false,/home/ninini/Agents/APK-Research/new_samples/721a1.aw98z.com.apk,721a1.aw98z.com,https://721a1.aw98z.com/,uninstalled_no_nodes,2.4,0.0,17.7,40.2
711cpb15.geh6f.com,sls.umgdiqwfnif.roovpasfoumdhutt,cBFcvr,80,64,2026-07-23 22:22,2026-07-23 22:22,0,0,false,/home/ninini/Agents/APK-Research/new_samples/711cpb15.geh6f.com.apk,711cpb15.geh6f.com,https://711cpb15.geh6f.com/,uninstalled_no_nodes,3.4,0.0,18.0,39.9
711sl085.szmwk.com,yts.yvipkbrmabfoyfk.kvpbxilsrflkx,cjgfTZ,80,61,2026-07-23 22:23,2026-07-23 22:23,0,0,false,/home/ninini/Agents/APK-Research/new_samples/711sl085.szmwk.com.apk,711sl085.szmwk.com,https://711sl085.szmwk.com/,uninstalled_no_nodes,8.2,0.0,17.8,40.0
714yh158.6n3cl.com,syf.pdlkevxymmmp.suwonastcttfruwjnhbn,vRcDIQ,80,65,2026-07-23 22:23,2026-07-23 22:23,0,0,false,/home/ninini/Agents/APK-Research/new_samples/714yh158.6n3cl.com.apk,714yh158.6n3cl.com,https://714yh158.6n3cl.com/,uninstalled_no_nodes,7.4,0.0,18.2,37.9
715sl041.tdbp6.com,tci.gohiamtksedyfiy.sntrqcmejimir,TUxsKR,80,61,2026-07-23 22:24,2026-07-23 22:24,0,0,false,/home/ninini/Agents/APK-Research/new_samples/715sl041.tdbp6.com.apk,715sl041.tdbp6.com,https://715sl041.tdbp6.com/,uninstalled_no_nodes,69.0,0.0,18.1,40.5
716sf3.b1w5h.com,pkxbocjvd.kqndikjtpnrfpwyp.tykqciph,xJpzvr,80,62,2026-07-23 22:25,2026-07-23 22:25,0,0,false,/home/ninini/Agents/APK-Research/new_samples/716sf3.b1w5h.com.apk,716sf3.b1w5h.com,https://716sf3.b1w5h.com/,uninstalled_no_nodes,3.5,0.0,19.1,39.1
719sh41.v4sbb.com,cjx.ofyjflrrsq.lsayqntwrwdxjgdky,RrqZua,80,65,2026-07-23 22:26,2026-07-24 13:53,20,4,true,/home/ninini/Agents/APK-Research/new_samples/719sh41.v4sbb.com.apk,719sh41.v4sbb.com,https://719sh41.v4sbb.com/,ok,8.2,0.0,18.0,18.6
711cpa5.9h87d.com,ucq.ofttprwsvobjjtt.bkpmvgqecrakxkfyctsw,bGHvGx,80,65,2026-07-23 22:27,2026-07-23 22:27,0,0,false,/home/ninini/Agents/APK-Research/new_samples/711cpa5.9h87d.com.apk,711cpa5.9h87d.com,https://711cpa5.9h87d.com/,uninstalled_no_nodes,7.8,0.0,18.3,40.6
711d29.1scvr.top,xnk.jyabjumdvajtpewc.imhpbxufxlqlafiqj,ojQhsW,80,61,2026-07-23 22:28,2026-07-23 22:28,0,0,false,/home/ninini/Agents/APK-Research/new_samples/711d29.1scvr.top.apk,711d29.1scvr.top,https://711d29.1scvr.top/,uninstalled_no_nodes,27.8,0.0,17.8,40.3
71du008.7dqnu.com,pfl.lklsvdmpyrxmqht.kexakxiclxcyd,pNLlGc,80,61,2026-07-23 22:29,2026-07-23 22:29,0,0,false,/home/ninini/Agents/APK-Research/new_samples/71du008.7dqnu.com.apk,71du008.7dqnu.com,https://71du008.7dqnu.com/,uninstalled_no_nodes,7.9,0.0,17.8,40.2
712d169.ojq08.com,wgf.kaehspqrpjud.yhflctghtucouhcfqj,hFRkix,80,62,2026-07-23 22:30,2026-07-23 22:30,0,0,false,/home/ninini/Agents/APK-Research/new_samples/712d169.ojq08.com.apk,712d169.ojq08.com,https://712d169.ojq08.com/,uninstalled_no_nodes,6.0,0.0,18.1,40.8
712sl001.79nmn.com,pfl.lklsvdmpyrxmqht.kexakxiclxcyd,pNLlGc,80,61,2026-07-23 22:32,2026-07-24 13:53,0,0,true,/home/ninini/Agents/APK-Research/new_samples/712sl001.79nmn.com.apk,712sl001.79nmn.com,https://712sl001.79nmn.com/,no_nodes,8.3,0.0,19.6,40.1
714yh49.lo0me.com,rgv.rvoxclktclty.hckctagvvpcaygwnwsal,zKYPSD,80,65,2026-07-23 22:33,2026-07-23 22:33,0,0,false,/home/ninini/Agents/APK-Research/new_samples/714yh49.lo0me.com.apk,714yh49.lo0me.com,https://714yh49.lo0me.com/,uninstalled_no_nodes,7.6,0.0,19.5,37.1
721cpa11.n1byg.com,qiw.bmddfvftomnr.muaokdrwjhpohioclybf,EdyiVy,80,65,2026-07-23 22:34,2026-07-23 22:34,0,0,false,/home/ninini/Agents/APK-Research/new_samples/721cpa11.n1byg.com.apk,721cpa11.n1byg.com,https://721cpa11.n1byg.com/yonghui/666/han,uninstalled_no_nodes,6.8,0.0,18.0,38.2
713sl001.paxrs.com,fxa.iybdcxehsdplrxb.jlmjkacxtqtev,ZpFnCQ,80,61,2026-07-23 22:35,2026-07-23 22:35,0,0,false,/home/ninini/Agents/APK-Research/new_samples/713sl001.paxrs.com.apk,713sl001.paxrs.com,https://713sl001.paxrs.com/,uninstalled_no_nodes,12.7,0.0,18.8,40.8
718yh144.oxq3k.com,mvn.vhptsweeyfch.gantfhdcvpcmnqnhqvkq,sJTCsJ,80,65,2026-07-23 22:35,2026-07-23 22:35,0,0,false,/home/ninini/Agents/APK-Research/new_samples/718yh144.oxq3k.com.apk,718yh144.oxq3k.com,https://718yh144.oxq3k.com/,uninstalled_no_nodes,7.5,0.0,18.3,38.6
711cpa10.9h87d.com,pob.usprnsdhalvimep.kclwgmkgxdoriikeirxh,HSLLNp,80,65,2026-07-23 22:37,2026-07-23 22:37,0,0,false,/home/ninini/Agents/APK-Research/new_samples/711cpa10.9h87d.com.apk,711cpa10.9h87d.com,https://711cpa10.9h87d.com/,uninstalled_no_nodes,7.4,0.0,18.1,40.1
711cpb15.i628x.com,kbb.wlrukquocwx.qoskvnrcvgbbgapr,wzMMTM,80,64,2026-07-23 22:38,2026-07-23 22:38,0,0,false,/home/ninini/Agents/APK-Research/new_samples/711cpb15.i628x.com.apk,711cpb15.i628x.com,https://711cpb15.i628x.com/,uninstalled_no_nodes,5.1,0.0,19.3,38.0
713d21.2oedb.top,irq.jbirhrkpoykuyyeq.ambsgenunyonvbosm,KxDyHB,80,61,2026-07-23 22:39,2026-07-23 22:39,0,0,false,/home/ninini/Agents/APK-Research/new_samples/713d21.2oedb.top.apk,713d21.2oedb.top,https://713d21.2oedb.top/,uninstalled_no_nodes,10.2,0.0,18.2,40.5
714yh161.uimyv.com,mvn.vhptsweeyfch.gantfhdcvpcmnqnhqvkq,sJTCsJ,80,65,2026-07-23 22:40,2026-07-24 13:53,0,0,true,/home/ninini/Agents/APK-Research/new_samples/714yh161.uimyv.com.apk,714yh161.uimyv.com,https://714yh161.uimyv.com/,no_nodes,12.8,0.0,18.4,38.3
716cpa2.7q25t.com,swo.ivmsuxfctldnrmv.lgoavpfoxiakhictomuo,yPTUuT,80,65,2026-07-23 22:41,2026-07-23 22:41,0,0,false,/home/ninini/Agents/APK-Research/new_samples/716cpa2.7q25t.com.apk,716cpa2.7q25t.com,https://716cpa2.7q25t.com/,uninstalled_no_nodes,9.7,0.0,18.2,40.4
719cpa1.rlmoq.com,rio.lyctfimjloynryc.htfcdnwvlvlouxhijqaw,YfWWVD,80,65,2026-07-23 22:42,2026-07-23 22:42,0,0,false,/home/ninini/Agents/APK-Research/new_samples/719cpa1.rlmoq.com.apk,719cpa1.rlmoq.com,https://719cpa1.rlmoq.com/,uninstalled_no_nodes,7.9,0.0,19.7,40.3
719sl024.buv1l.com,kvi.eiebhimvicjixyw.kupsgrydnpliw,VSHoyu,80,61,2026-07-23 22:43,2026-07-23 22:43,0,0,false,/home/ninini/Agents/APK-Research/new_samples/719sl024.buv1l.com.apk,719sl024.buv1l.com,https://719sl024.buv1l.com/,uninstalled_no_nodes,5.6,0.0,17.8,40.6
719sl094.buv1l.com,kvi.eiebhimvicjixyw.kupsgrydnpliw,VSHoyu,80,61,2026-07-23 22:44,2026-07-24 13:53,0,0,true,/home/ninini/Agents/APK-Research/new_samples/719sl094.buv1l.com.apk,719sl094.buv1l.com,https://719sl094.buv1l.com/,no_nodes,5.2,0.0,17.9,40.3
715sl082.rdtho.com,kvi.eiebhimvicjixyw.kupsgrydnpliw,VSHoyu,80,61,2026-07-23 22:45,2026-07-24 13:53,0,0,true,/home/ninini/Agents/APK-Research/new_samples/715sl082.rdtho.com.apk,715sl082.rdtho.com,https://715sl082.rdtho.com/,no_nodes,5.4,0.0,17.7,39.6
712b287.ykt28.com,awyitaryy.ncaghxktgnhjnuob.rauvtjxl,riZRQL,80,62,2026-07-23 22:46,2026-07-23 22:46,0,0,false,/home/ninini/Agents/APK-Research/new_samples/712b287.ykt28.com.apk,712b287.ykt28.com,https://712b287.ykt28.com/,uninstalled_no_nodes,83.6,0.0,19.3,38.8
713sl207.biyhc.com,gxi.fiaposxrandkgbf.fyyhxksatxedi,kuDYhg,80,61,2026-07-23 22:47,2026-07-23 22:47,0,0,false,/home/ninini/Agents/APK-Research/new_samples/713sl207.biyhc.com.apk,713sl207.biyhc.com,https://713sl207.biyhc.com/,uninstalled_no_nodes,16.2,0.0,17.5,39.9
714cpk20.p8vd4.com,dre.eeyijydawtxa.prykfxtxcnggwialrund,EVOfoF,80,65,2026-07-23 22:48,2026-07-23 22:48,0,0,false,/home/ninini/Agents/APK-Research/new_samples/714cpk20.p8vd4.com.apk,714cpk20.p8vd4.com,https://714cpk20.p8vd4.com/,uninstalled_no_nodes,6.9,0.0,19.1,36.2
715cpa2.rr8kr.com,sry.ftifdktrxlflbbc.vqcfmlxkcivlnrunpxpr,uTOtiV,80,65,2026-07-23 22:49,2026-07-23 22:49,0,0,false,/home/ninini/Agents/APK-Research/new_samples/715cpa2.rr8kr.com.apk,715cpa2.rr8kr.com,https://715cpa2.rr8kr.com/,uninstalled_no_nodes,7.0,0.0,19.8,39.0
712sl050.ptk2w.com,yiq.sbksxrhndssjjsw.bipqrefshjdsn,NVjSBQ,80,61,2026-07-23 22:50,2026-07-23 22:50,0,0,false,/home/ninini/Agents/APK-Research/new_samples/712sl050.ptk2w.com.apk,712sl050.ptk2w.com,https://712sl050.ptk2w.com/,uninstalled_no_nodes,20.5,0.0,17.9,40.4
712c494.9zq18.com,otx.xiblepaxyoyvkcbd.dvfdrwskyjfdairsh,MJvfLl,80,61,2026-07-23 22:51,2026-07-23 22:51,0,0,false,/home/ninini/Agents/APK-Research/new_samples/712c494.9zq18.com.apk,712c494.9zq18.com,https://712c494.9zq18.com/,uninstalled_no_nodes,11.9,0.0,18.1,40.2
714cpk19.0x8ls.com,bnb.svgbuypvpqgw.ajtlualhjmxcirsosycr,IlEJrS,80,65,2026-07-23 22:52,2026-07-23 22:52,0,0,false,/home/ninini/Agents/APK-Research/new_samples/714cpk19.0x8ls.com.apk,714cpk19.0x8ls.com,https://714cpk19.0x8ls.com/,uninstalled_no_nodes,8.3,0.0,18.2,37.6
721b11.ah4cm.com,pqbryplnk.tpoinebmpuyfbjih.nygctyse,qAtcRA,80,62,2026-07-23 22:53,2026-07-23 22:53,0,0,false,/home/ninini/Agents/APK-Research/new_samples/721b11.ah4cm.com.apk,721b11.ah4cm.com,https://721b11.ah4cm.com/,uninstalled_no_nodes,21.5,0.0,18.2,40.4
721yh366.0x8ls.com,ekv.pnsjexcoyxaa.enkbtxqjwtgmtwtvrxba,hMYNnh,80,65,2026-07-23 22:54,2026-07-23 22:54,0,0,false,/home/ninini/Agents/APK-Research/new_samples/721yh366.0x8ls.com.apk,721yh366.0x8ls.com,https://721yh366.0x8ls.com/,uninstalled_no_nodes,6.9,0.0,18.0,37.6
711cpa6.hahh6.com,tnh.sgguwcirjkdtgun.dhvcsihjvryrwopieksx,KuMKJX,80,65,2026-07-23 22:55,2026-07-23 22:55,0,0,false,/home/ninini/Agents/APK-Research/new_samples/711cpa6.hahh6.com.apk,711cpa6.hahh6.com,https://711cpa6.hahh6.com/,uninstalled_no_nodes,8.0,0.0,20.0,38.4
716c107.p1euq.com,vsp.hlniebocatrryyve.ugmusqqyfhhjxenkc,rwLvFt,80,61,2026-07-23 22:56,2026-07-23 22:56,0,0,false,/home/ninini/Agents/APK-Research/new_samples/716c107.p1euq.com.apk,716c107.p1euq.com,https://716c107.p1euq.com/,uninstalled_no_nodes,10.0,0.0,19.6,40.1
719cpa8.ea4ym.com,iow.myqwbygfuhgjoyu.xxykdjxcmoucbivjoesb,gUVwbw,80,65,2026-07-23 22:57,2026-07-23 22:57,0,0,false,/home/ninini/Agents/APK-Research/new_samples/719cpa8.ea4ym.com.apk,719cpa8.ea4ym.com,https://719cpa8.ea4ym.com/,uninstalled_no_nodes,11.1,0.0,19.7,42.0
711cpb01.t70qz.com,bjh.hhgbpbvcfiy.pywrgeylnaebfhqt,vfUAWG,80,64,2026-07-23 22:58,2026-07-23 22:58,0,0,false,/home/ninini/Agents/APK-Research/new_samples/711cpb01.t70qz.com.apk,711cpb01.t70qz.com,https://711cpb01.t70qz.com/,uninstalled_no_nodes,10.0,0.0,18.1,40.9
719c88.9wl6g.com,rvx.rdhrikbtrawwgbhs.yyubsounbotvfepwo,KzFSji,80,61,2026-07-23 22:59,2026-07-23 22:59,0,0,false,/home/ninini/Agents/APK-Research/new_samples/719c88.9wl6g.com.apk,719c88.9wl6g.com,https://719c88.9wl6g.com/,uninstalled_no_nodes,3.8,0.0,18.4,39.6
711a270.ko6qn.com,kqstvjemx.ldrpgcikjxhyfhae.kmnlmlwr,DpuhoH,80,62,2026-07-23 23:00,2026-07-23 23:00,0,0,false,/home/ninini/Agents/APK-Research/new_samples/711a270.ko6qn.com.apk,711a270.ko6qn.com,https://711a270.ko6qn.com/,uninstalled_no_nodes,3.9,0.0,18.4,40.8
713yh61.y1ess.com,wnk.ydxhrhdsyjgw.karrhpntigtkrsysanlx,TpSNlz,80,65,2026-07-23 23:01,2026-07-23 23:01,0,0,false,/home/ninini/Agents/APK-Research/new_samples/713yh61.y1ess.com.apk,713yh61.y1ess.com,https://713yh61.y1ess.com/,uninstalled_no_nodes,12.2,0.0,18.3,37.2
710c387.3gxzr.com,vwe.cidkegcgijoxdwdf.nosvfcjktmsjkcbob,kBQhyI,80,61,2026-07-23 23:02,2026-07-23 23:02,0,0,false,/home/ninini/Agents/APK-Research/new_samples/710c387.3gxzr.com.apk,710c387.3gxzr.com,https://710c387.3gxzr.com/,uninstalled_no_nodes,5.7,0.0,18.3,40.6
721sl243.lj38t.com,wte.qwydtoekjdtfure.mouhuqimbcwpt,oPbfNX,80,61,2026-07-23 23:03,2026-07-23 23:03,0,0,false,/home/ninini/Agents/APK-Research/new_samples/721sl243.lj38t.com.apk,721sl243.lj38t.com,https://721sl243.lj38t.com/,uninstalled_no_nodes,12.4,0.0,18.0,39.6
710yh458.6j75s.com,gqv.ycwcjxedlipl.agolprpgwgbdqoxsjggq,dRmayd,80,65,2026-07-23 23:04,2026-07-23 23:04,0,0,false,/home/ninini/Agents/APK-Research/new_samples/710yh458.6j75s.com.apk,710yh458.6j75s.com,https://710yh458.6j75s.com/,uninstalled_no_nodes,8.9,0.0,20.4,35.9
711cpb15.gzz9n.com,mmt.mcrwxfmhmeh.dtmwweexdkmyuamj,JvhXIV,80,64,2026-07-23 23:05,2026-07-23 23:05,0,0,false,/home/ninini/Agents/APK-Research/new_samples/711cpb15.gzz9n.com.apk,711cpb15.gzz9n.com,https://711cpb15.gzz9n.com/,uninstalled_no_nodes,17.1,0.0,19.5,39.3
711cpb16.3f4x4.com,mmt.mcrwxfmhmeh.dtmwweexdkmyuamj,JvhXIV,80,64,2026-07-23 23:06,2026-07-24 13:53,0,0,true,/home/ninini/Agents/APK-Research/new_samples/711cpb16.3f4x4.com.apk,711cpb16.3f4x4.com,https://711cpb16.3f4x4.com/,no_nodes,13.4,0.0,19.7,40.4
721cpk19.n1byg.com,gqv.ycwcjxedlipl.agolprpgwgbdqoxsjggq,dRmayd,80,65,2026-07-23 23:07,2026-07-24 13:53,0,0,true,/home/ninini/Agents/APK-Research/new_samples/721cpk19.n1byg.com.apk,721cpk19.n1byg.com,https://721cpk19.n1byg.com/yonghui/656/zhuim,no_nodes,9.3,0.0,18.3,37.9
715b286.kucvg.com,ofljehrth.amngyrsmlafwpeyn.otqscjip,eKuGUI,80,62,2026-07-23 23:08,2026-07-23 23:08,0,0,false,/home/ninini/Agents/APK-Research/new_samples/715b286.kucvg.com.apk,715b286.kucvg.com,https://715b286.kucvg.com/,uninstalled_no_nodes,2.7,0.0,19.8,39.2
716cpb06.xmidw.com,qsx.fdmmndwkife.qfboctslqihdkmnn,yxPHeM,80,64,2026-07-23 23:09,2026-07-23 23:09,0,0,false,/home/ninini/Agents/APK-Research/new_samples/716cpb06.xmidw.com.apk,716cpb06.xmidw.com,https://716cpb06.xmidw.com/,uninstalled_no_nodes,4.5,0.0,19.7,40.6
718c88.7b4kq.com,whw.rtyjwsjureibsvdk.jouypwxlqfrquetah,GISEoZ,80,61,2026-07-23 23:10,2026-07-23 23:10,0,0,false,/home/ninini/Agents/APK-Research/new_samples/718c88.7b4kq.com.apk,718c88.7b4kq.com,https://718c88.7b4kq.com/,uninstalled_no_nodes,21.1,0.0,17.8,39.7
721yh256.0x8ls.com,tne.vycqdtbervjc.lfteylodrbfslibirgmw,zboNyw,80,65,2026-07-23 23:11,2026-07-23 23:11,0,0,false,/home/ninini/Agents/APK-Research/new_samples/721yh256.0x8ls.com.apk,721yh256.0x8ls.com,https://721yh256.0x8ls.com/,uninstalled_no_nodes,7.6,0.0,18.5,38.2
712c41.h75wu.com,ghk.nbotofvvoxjambmy.fmecbunwbexnvkpjy,WARBae,80,61,2026-07-23 23:12,2026-07-23 23:12,0,0,false,/home/ninini/Agents/APK-Research/new_samples/712c41.h75wu.com.apk,712c41.h75wu.com,https://712c41.h75wu.com/,uninstalled_no_nodes,5.4,0.0,18.4,40.5
711cpb01.vci3l.com,qsx.fdmmndwkife.qfboctslqihdkmnn,yxPHeM,80,64,2026-07-23 23:13,2026-07-24 13:53,0,0,true,/home/ninini/Agents/APK-Research/new_samples/711cpb01.vci3l.com.apk,711cpb01.vci3l.com,https://711cpb01.vci3l.com/,no_nodes,13.0,0.0,18.0,40.4
711yh54.6esi7.com,tne.vycqdtbervjc.lfteylodrbfslibirgmw,zboNyw,80,65,2026-07-23 23:14,2026-07-24 13:53,0,0,true,/home/ninini/Agents/APK-Research/new_samples/711yh54.6esi7.com.apk,711yh54.6esi7.com,https://711yh54.6esi7.com/,no_nodes,7.6,0.0,18.9,39.9
71du022.ydgl1.com,rey.vuxrxflelntqjhp.cbdggtjsopvvq,amAyMC,80,61,2026-07-23 23:15,2026-07-23 23:15,0,0,false,/home/ninini/Agents/APK-Research/new_samples/71du022.ydgl1.com.apk,71du022.ydgl1.com,https://71du022.ydgl1.com/,uninstalled_no_nodes,3.4,0.0,18.3,40.6
712c490.mqlts.com,mxi.ruggatxjcvxrcvho.gknjvbjjtqgcqlpyv,dBsrAO,80,61,2026-07-23 23:16,2026-07-23 23:16,0,0,false,/home/ninini/Agents/APK-Research/new_samples/712c490.mqlts.com.apk,712c490.mqlts.com,https://712c490.mqlts.com/,uninstalled_no_nodes,3.0,0.0,18.1,40.1
711yh10.xn8l1.com,ecn.agbpobdmkbgq.grseafifdcxxxetbenon,ZiBnKH,80,65,2026-07-23 23:17,2026-07-23 23:17,0,0,false,/home/ninini/Agents/APK-Research/new_samples/711yh10.xn8l1.com.apk,711yh10.xn8l1.com,https://711yh10.xn8l1.com/,uninstalled_no_nodes,10.0,0.0,18.2,37.4
721cpk20.z3x4k.com,ecn.agbpobdmkbgq.grseafifdcxxxetbenon,ZiBnKH,80,65,2026-07-23 23:18,2026-07-24 13:53,0,0,true,/home/ninini/Agents/APK-Research/new_samples/721cpk20.z3x4k.com.apk,721cpk20.z3x4k.com,https://721cpk20.z3x4k.com/yonghui/656/zhuim,no_nodes,9.4,0.0,22.0,38.6
710a208.2di3p.com,tinnaekie.gvbiuocmcrwxuxbw.qknaefhn,hrMauL,80,62,2026-07-23 23:19,2026-07-23 23:19,0,0,false,/home/ninini/Agents/APK-Research/new_samples/710a208.2di3p.com.apk,710a208.2di3p.com,https://710a208.2di3p.com/,uninstalled_no_nodes,12.3,0.0,19.1,39.5
710sl191.cazhc.com,urf.ymlhfjwrcclubxe.rxbhuntfsjdhi,KHHxfS,80,61,2026-07-23 23:20,2026-07-23 23:20,0,0,false,/home/ninini/Agents/APK-Research/new_samples/710sl191.cazhc.com.apk,710sl191.cazhc.com,https://710sl191.cazhc.com/,uninstalled_no_nodes,13.2,0.0,21.8,38.7
715b287.83u70.com,ujothbrdp.esfnvpaisbnrssvp.bbtpckom,yIwznC,80,62,2026-07-23 23:21,2026-07-23 23:21,0,0,false,/home/ninini/Agents/APK-Research/new_samples/715b287.83u70.com.apk,715b287.83u70.com,https://715b287.83u70.com/,uninstalled_no_nodes,2.4,0.0,20.0,40.4
711sl081.jixzm.com,iaa.ufynqlvgvihcgfs.mfjsyuqhfxqng,UPQmVZ,80,61,2026-07-23 23:22,2026-07-23 23:22,0,0,false,/home/ninini/Agents/APK-Research/new_samples/711sl081.jixzm.com.apk,711sl081.jixzm.com,https://711sl081.jixzm.com/,uninstalled_no_nodes,3.0,0.0,20.8,41.0
721cpk15.z3x4k.com,cwt.vuptjggbxlyp.mfhtnmlqieduahpaiyky,TBHtqq,80,65,2026-07-23 23:23,2026-07-23 23:23,0,0,false,/home/ninini/Agents/APK-Research/new_samples/721cpk15.z3x4k.com.apk,721cpk15.z3x4k.com,https://721cpk15.z3x4k.com/yonghui/656/zhuim,uninstalled_no_nodes,14.6,0.0,18.5,38.2
711yh34.6esi7.com,bbs.pcpjlxxapvev.kemkynxwrolnbykbekru,YTdlrf,80,65,2026-07-24 00:16,2026-07-24 13:53,0,0,true,/home/ninini/Agents/APK-Research/new_samples/711yh34.6esi7.com.apk,711yh34.6esi7.com,https://711yh34.6esi7.com/,no_nodes,7.1,0.0,18.7,40.7
711cpb15.408ku.com,xoj.okmetanbopd.jtggljdorchlxnqg,Ftfgrk,80,64,2026-07-24 00:18,2026-07-24 13:53,0,0,true,/home/ninini/Agents/APK-Research/new_samples/711cpb15.408ku.com.apk,711cpb15.408ku.com,https://711cpb15.408ku.com/,no_nodes,3.5,0.0,19.9,39.6
716c175.gko35.com,tyv.dlbhofggyimbkjqh.unxpfmfuccqhvreos,zbVxkS,80,61,2026-07-24 00:19,2026-07-24 13:53,0,0,true,/home/ninini/Agents/APK-Research/new_samples/716c175.gko35.com.apk,716c175.gko35.com,https://716c175.gko35.com/,no_nodes,3.7,0.0,19.8,40.2
715cpb01.17xep.com,xoj.okmetanbopd.jtggljdorchlxnqg,Ftfgrk,80,64,2026-07-24 00:20,2026-07-24 13:53,0,0,true,/home/ninini/Agents/APK-Research/new_samples/715cpb01.17xep.com.apk,715cpb01.17xep.com,https://715cpb01.17xep.com/,no_nodes,2.0,0.0,18.0,40.4
71du008.e2oyw.com,wdu.udltsyjvmkphbvq.fgnobdmskegjq,YJkpMQ,80,61,2026-07-24 00:21,2026-07-24 13:53,0,0,true,/home/ninini/Agents/APK-Research/new_samples/71du008.e2oyw.com.apk,71du008.e2oyw.com,https://71du008.e2oyw.com/,no_nodes,2.0,0.0,18.6,39.9
713cpa9.yzy2y.com,imb.agjqdwdhhbjfoyh.apwmguhwdfcfpmpcmwpv,PScUJj,80,65,2026-07-24 00:22,2026-07-24 13:53,0,0,true,/home/ninini/Agents/APK-Research/new_samples/713cpa9.yzy2y.com.apk,713cpa9.yzy2y.com,https://713cpa9.yzy2y.com/,no_nodes,7.7,0.0,21.0,38.3
721yh97.n1byg.com,bji.hkmtqvbngcgb.wsxwiapyydyqysliowlx,LKznhW,80,65,2026-07-24 00:23,2026-07-24 13:53,0,0,true,/home/ninini/Agents/APK-Research/new_samples/721yh97.n1byg.com.apk,721yh97.n1byg.com,https://721yh97.n1byg.com/,no_nodes,7.8,0.0,20.2,38.8
714cpa2.u2d8e.com,twu.tckwisvlaeogehs.apelyddoxjmxdshtgbdf,YZYhCw,80,65,2026-07-24 00:24,2026-07-24 13:53,0,0,true,/home/ninini/Agents/APK-Research/new_samples/714cpa2.u2d8e.com.apk,714cpa2.u2d8e.com,https://714cpa2.u2d8e.com/,no_nodes,10.8,0.0,20.8,39.5
716pt3.apu9q.com,hrx.gdvflecmsppx.hfpgshwidyefemlaik,bJlMgF,80,62,2026-07-24 00:25,2026-07-24 13:53,0,0,true,/home/ninini/Agents/APK-Research/new_samples/716pt3.apu9q.com.apk,716pt3.apu9q.com,https://716pt3.apu9q.com/,no_nodes,3.1,0.0,20.5,40.6
715sf2.ne2rm.com,benkulsbi.matesrtqttvanaoo.pavnxrni,KvEZtT,80,62,2026-07-24 00:26,2026-07-24 13:53,0,0,true,/home/ninini/Agents/APK-Research/new_samples/715sf2.ne2rm.com.apk,715sf2.ne2rm.com,https://715sf2.ne2rm.com/,no_nodes,6.7,0.0,18.8,40.6
710cpa1.p7jj6.com,benkulsbi.matesrtqttvanaoo.pavnxrni,KvEZtT,80,62,2026-07-24 00:28,2026-07-24 13:53,0,0,true,/home/ninini/Agents/APK-Research/new_samples/710cpa1.p7jj6.com.apk,710cpa1.p7jj6.com,https://710cpa1.p7jj6.com/,no_nodes,3.4,0.0,19.0,39.7
714sf1.128ja.com,benkulsbi.matesrtqttvanaoo.pavnxrni,KvEZtT,80,62,2026-07-24 00:29,2026-07-24 13:53,0,0,true,/home/ninini/Agents/APK-Research/new_samples/714sf1.128ja.com.apk,714sf1.128ja.com,https://714sf1.128ja.com/,no_nodes,2.2,0.0,17.2,41.6
718pt1.mvw99.com,hrx.gdvflecmsppx.hfpgshwidyefemlaik,bJlMgF,80,62,2026-07-24 00:30,2026-07-24 13:53,0,0,true,/home/ninini/Agents/APK-Research/new_samples/718pt1.mvw99.com.apk,718pt1.mvw99.com,https://718pt1.mvw99.com/,no_nodes,4.0,0.0,18.2,40.9
718a133.zhci1.com,benkulsbi.matesrtqttvanaoo.pavnxrni,KvEZtT,80,62,2026-07-24 00:31,2026-07-24 13:53,0,0,true,/home/ninini/Agents/APK-Research/new_samples/718a133.zhci1.com.apk,718a133.zhci1.com,https://718a133.zhci1.com/,no_nodes,3.8,0.0,18.4,40.7
716yh30.855su.com,pun.kiwvnyjeohhg.nspepllgpweicepafeig,cGCpQA,80,65,2026-07-24 00:32,2026-07-24 13:53,0,0,true,/home/ninini/Agents/APK-Research/new_samples/716yh30.855su.com.apk,716yh30.855su.com,https://716yh30.855su.com/,no_nodes,8.0,0.0,19.6,39.5
719yhq16.lg3af.com,pun.kiwvnyjeohhg.nspepllgpweicepafeig,cGCpQA,80,65,2026-07-24 00:33,2026-07-24 13:53,0,0,true,/home/ninini/Agents/APK-Research/new_samples/719yhq16.lg3af.com.apk,719yhq16.lg3af.com,https://719yhq16.lg3af.com/,no_nodes,5.6,0.0,20.0,40.2
721cpk12.wd4ii.com,ran.esrbenakldod.vjylrgqaxthaeeydppdb,ALvqVL,80,65,2026-07-24 00:34,2026-07-24 13:53,0,0,true,/home/ninini/Agents/APK-Research/new_samples/721cpk12.wd4ii.com.apk,721cpk12.wd4ii.com,https://721cpk12.wd4ii.com/yonghui/656/zhuim,no_nodes,8.9,0.0,18.4,41.0
711cpa10.i10o6.com,iln.jxvogxduylevdio.slawdqwaynuydobnuvqr,rtzubk,80,65,2026-07-24 00:35,2026-07-24 13:53,0,0,true,/home/ninini/Agents/APK-Research/new_samples/711cpa10.i10o6.com.apk,711cpa10.i10o6.com,https://711cpa10.i10o6.com/,no_nodes,5.8,0.0,18.8,40.1
718cpa9.lmlq8.com,qmj.icoolloyvmoutcg.ytesmobvrkvnpxottpwd,LdXSTy,80,65,2026-07-24 00:36,2026-07-24 13:53,0,0,true,/home/ninini/Agents/APK-Research/new_samples/718cpa9.lmlq8.com.apk,718cpa9.lmlq8.com,https://718cpa9.lmlq8.com/,no_nodes,7.3,0.0,19.6,41.9
712cpa2.bd1h9.com,qmj.icoolloyvmoutcg.ytesmobvrkvnpxottpwd,LdXSTy,80,65,2026-07-24 00:37,2026-07-24 13:53,0,0,true,/home/ninini/Agents/APK-Research/new_samples/712cpa2.bd1h9.com.apk,712cpa2.bd1h9.com,https://712cpa2.bd1h9.com/,no_nodes,7.4,0.0,18.4,40.1
719yh231.g30y7.com,hhc.ggeubapkckjr.mlyaaahpbtfueuihqtqa,SVbVew,80,65,2026-07-24 00:38,2026-07-24 13:53,0,0,true,/home/ninini/Agents/APK-Research/new_samples/719yh231.g30y7.com.apk,719yh231.g30y7.com,https://719yh231.g30y7.com/,no_nodes,7.4,0.0,20.4,39.1
718yhq10.4k164.com,hhc.ggeubapkckjr.mlyaaahpbtfueuihqtqa,SVbVew,80,65,2026-07-24 00:39,2026-07-24 13:53,0,0,true,/home/ninini/Agents/APK-Research/new_samples/718yhq10.4k164.com.apk,718yhq10.4k164.com,https://718yhq10.4k164.com/,no_nodes,7.4,0.0,20.0,40.7
714cpa11.5zcq9.com,qjt.estmdqsqestjsaa.xyxhkovjljbjmtuifhkr,gxmAUq,80,65,2026-07-24 00:40,2026-07-24 13:53,0,0,true,/home/ninini/Agents/APK-Research/new_samples/714cpa11.5zcq9.com.apk,714cpa11.5zcq9.com,https://714cpa11.5zcq9.com/,no_nodes,10.4,0.0,19.4,40.6
711yh201.v6yow.com,bxw.pitdeeecstte.snxqrdoybjcbyflcscns,rkipqd,80,65,2026-07-24 00:41,2026-07-24 13:53,0,0,true,/home/ninini/Agents/APK-Research/new_samples/711yh201.v6yow.com.apk,711yh201.v6yow.com,https://711yh201.v6yow.com/,no_nodes,6.4,0.0,19.3,40.4
710yh261.xxy4x.com,bxw.pitdeeecstte.snxqrdoybjcbyflcscns,rkipqd,80,65,2026-07-24 00:42,2026-07-24 13:53,0,0,true,/home/ninini/Agents/APK-Research/new_samples/710yh261.xxy4x.com.apk,710yh261.xxy4x.com,https://710yh261.xxy4x.com/,no_nodes,9.1,0.0,19.2,40.6
716yhq12.o3726.com,bxw.pitdeeecstte.snxqrdoybjcbyflcscns,rkipqd,80,65,2026-07-24 00:43,2026-07-24 13:53,0,0,true,/home/ninini/Agents/APK-Research/new_samples/716yhq12.o3726.com.apk,716yhq12.o3726.com,https://716yhq12.o3726.com/,no_nodes,7.7,0.0,19.8,39.9
710yh313.xbrjj.com,bxw.pitdeeecstte.snxqrdoybjcbyflcscns,rkipqd,80,65,2026-07-24 00:44,2026-07-24 13:53,0,0,true,/home/ninini/Agents/APK-Research/new_samples/710yh313.xbrjj.com.apk,710yh313.xbrjj.com,https://710yh313.xbrjj.com/,no_nodes,8.5,0.0,17.8,39.7
711cpk22.z3x4k.com,rfe.ejinrjjxqwko.nfemncbkcwmrlycouuux,tjqVaG,80,65,2026-07-24 00:45,2026-07-24 13:53,0,0,true,/home/ninini/Agents/APK-Research/new_samples/711cpk22.z3x4k.com.apk,711cpk22.z3x4k.com,https://711cpk22.z3x4k.com/yonghui/656/zhuim,no_nodes,7.6,0.0,18.9,40.7
719sf3.m05w0.com,gmoafhfhm.rlebsgufymftiycc.rygjtesc,blLgZn,80,62,2026-07-24 00:46,2026-07-24 13:53,0,0,true,/home/ninini/Agents/APK-Research/new_samples/719sf3.m05w0.com.apk,719sf3.m05w0.com,https://719sf3.m05w0.com/,no_nodes,3.1,0.0,18.4,40.7
716sl120.b0416.com,qco.rofhngjkupuqfpw.wjggtyxvwusdi,VvTpbW,80,61,2026-07-24 00:47,2026-07-24 13:53,0,0,true,/home/ninini/Agents/APK-Research/new_samples/716sl120.b0416.com.apk,716sl120.b0416.com,https://716sl120.b0416.com/,no_nodes,1.1,0.0,19.7,40.0
713sl001.awws6.com,qco.rofhngjkupuqfpw.wjggtyxvwusdi,VvTpbW,80,61,2026-07-24 00:48,2026-07-24 13:53,0,0,true,/home/ninini/Agents/APK-Research/new_samples/713sl001.awws6.com.apk,713sl001.awws6.com,https://713sl001.awws6.com/,no_nodes,2.2,0.0,20.4,39.2
714sf3.4s2u8.com,wfrqwwkmb.ssvfcrssygyoedgr.ajrkkssp,ZDRyeO,80,62,2026-07-24 00:49,2026-07-24 13:53,0,0,true,/home/ninini/Agents/APK-Research/new_samples/714sf3.4s2u8.com.apk,714sf3.4s2u8.com,https://714sf3.4s2u8.com/,no_nodes,3.1,0.0,20.2,38.5
715a286.rpw0b.com,wfrqwwkmb.ssvfcrssygyoedgr.ajrkkssp,ZDRyeO,80,62,2026-07-24 00:50,2026-07-24 13:53,0,0,true,/home/ninini/Agents/APK-Research/new_samples/715a286.rpw0b.com.apk,715a286.rpw0b.com,https://715a286.rpw0b.com/,no_nodes,3.1,0.0,17.7,41.4
71du012.oev96.com,yjj.sgicaxvbaboklka.vsvxecovadmxe,EijVuC,80,61,2026-07-24 00:51,2026-07-24 13:53,0,0,true,/home/ninini/Agents/APK-Research/new_samples/71du012.oev96.com.apk,71du012.oev96.com,https://71du012.oev96.com/,no_nodes,3.1,0.0,18.0,40.0
71du009.3uyq5.com,yjj.sgicaxvbaboklka.vsvxecovadmxe,EijVuC,80,61,2026-07-24 00:52,2026-07-24 13:53,0,0,true,/home/ninini/Agents/APK-Research/new_samples/71du009.3uyq5.com.apk,71du009.3uyq5.com,https://71du009.3uyq5.com/,no_nodes,2.5,0.0,18.6,40.5
719yh56.g30y7.com,uuk.jnvigkbtftei.fhqiqntxivtrheuydtot,qLJDLU,80,65,2026-07-24 00:54,2026-07-24 13:53,0,0,true,/home/ninini/Agents/APK-Research/new_samples/719yh56.g30y7.com.apk,719yh56.g30y7.com,https://719yh56.g30y7.com/,no_nodes,7.5,0.0,19.8,39.3
719yh9.1exl1.com,nef.uvlnlcaqcfya.njthhbpmqqanedfmjihq,Mjpjhr,80,65,2026-07-24 00:55,2026-07-24 13:53,0,0,true,/home/ninini/Agents/APK-Research/new_samples/719yh9.1exl1.com.apk,719yh9.1exl1.com,https://719yh9.1exl1.com/,no_nodes,6.0,0.0,19.9,40.2
71du004.79nmn.com,mpf.iwicvmafnjfjrwe.xereddnctygbu,XFDgAK,80,61,2026-07-24 00:56,2026-07-24 13:53,0,0,true,/home/ninini/Agents/APK-Research/new_samples/71du004.79nmn.com.apk,71du004.79nmn.com,https://71du004.79nmn.com/,no_nodes,2.0,0.0,19.4,42.0
721a257.t8rfn.com,bgxaotfeg.scceexmascjwfgeq.qkhpdbyh,gTITub,80,62,2026-07-24 00:57,2026-07-24 13:53,0,0,true,/home/ninini/Agents/APK-Research/new_samples/721a257.t8rfn.com.apk,721a257.t8rfn.com,https://721a257.t8rfn.com/,no_nodes,1.5,0.0,18.8,40.8
716a86.jnch7.com,qcmynyfkg.sdfdbbcjwampovjb.kcvwhuie,VXvikN,80,62,2026-07-24 00:58,2026-07-24 13:53,0,0,true,/home/ninini/Agents/APK-Research/new_samples/716a86.jnch7.com.apk,716a86.jnch7.com,https://716a86.jnch7.com/,no_nodes,2.8,0.0,18.0,40.0
712pt03.ujxtx.com,daj.aseboidlates.pkqmyahjqtnbwmrocw,AUFxNF,80,62,2026-07-24 00:59,2026-07-24 13:53,0,0,true,/home/ninini/Agents/APK-Research/new_samples/712pt03.ujxtx.com.apk,712pt03.ujxtx.com,https://712pt03.ujxtx.com/,no_nodes,3.3,0.0,20.3,39.9
714c29.27gc2.com,bjl.jblhuktputwo.fgwfgbevsowfaakvmo,sfKyic,80,62,2026-07-24 01:00,2026-07-24 13:53,0,0,true,/home/ninini/Agents/APK-Research/new_samples/714c29.27gc2.com.apk,714c29.27gc2.com,https://714c29.27gc2.com/,no_nodes,4.0,0.0,20.2,40.4
71du009.awws6.com,vcq.sqlvgkimsisadbf.gxlbydxkqgdbr,qewLZY,80,61,2026-07-24 01:01,2026-07-24 13:53,0,0,true,/home/ninini/Agents/APK-Research/new_samples/71du009.awws6.com.apk,71du009.awws6.com,https://71du009.awws6.com/,no_nodes,2.9,0.0,19.4,40.6
711yh129.6esi7.com,yhr.ldykneaqkuwn.dxewdxdyvgknifpaspkn,glpUyz,80,65,2026-07-24 01:02,2026-07-24 13:53,0,0,true,/home/ninini/Agents/APK-Research/new_samples/711yh129.6esi7.com.apk,711yh129.6esi7.com,https://711yh129.6esi7.com/,no_nodes,6.5,0.0,19.8,40.9
718c75.rh7fs.com,ekk.gwmgadwrknmxpadf.goibtgnvbifeybewq,rLbRnB,80,61,2026-07-24 01:03,2026-07-24 13:53,0,0,true,/home/ninini/Agents/APK-Research/new_samples/718c75.rh7fs.com.apk,718c75.rh7fs.com,https://718c75.rh7fs.com/,no_nodes,2.7,0.0,19.5,40.6
711cpb20.as6sz.com,lnh.vvkgxiamhbp.qtdoqsgyxipunygy,yyIBqb,80,64,2026-07-24 01:04,2026-07-24 13:53,0,0,true,/home/ninini/Agents/APK-Research/new_samples/711cpb20.as6sz.com.apk,711cpb20.as6sz.com,https://711cpb20.as6sz.com/,no_nodes,2.6,0.0,18.6,39.8
715c261.rt02v.com,ekk.gwmgadwrknmxpadf.goibtgnvbifeybewq,rLbRnB,80,61,2026-07-24 01:05,2026-07-24 13:53,0,0,true,/home/ninini/Agents/APK-Research/new_samples/715c261.rt02v.com.apk,715c261.rt02v.com,https://715c261.rt02v.com/,no_nodes,2.1,0.0,18.2,39.6
712cpb02.emxua.com,lnh.vvkgxiamhbp.qtdoqsgyxipunygy,yyIBqb,80,64,2026-07-24 01:06,2026-07-24 13:53,0,0,true,/home/ninini/Agents/APK-Research/new_samples/712cpb02.emxua.com.apk,712cpb02.emxua.com,https://712cpb02.emxua.com/,no_nodes,2.7,0.0,18.4,39.8
713pt3.jilj2.com,nsu.esndheetdyue.jybjivaxvnclgvaqvq,vYnyDJ,80,62,2026-07-24 01:07,2026-07-24 13:53,0,0,true,/home/ninini/Agents/APK-Research/new_samples/713pt3.jilj2.com.apk,713pt3.jilj2.com,https://713pt3.jilj2.com/,no_nodes,2.6,0.0,19.0,40.8
714sl026.3nsw0.com,mah.rhivpcxxocwcedi.jfeeokpdjcdqn,tpqPje,80,61,2026-07-24 01:08,2026-07-24 13:53,0,0,true,/home/ninini/Agents/APK-Research/new_samples/714sl026.3nsw0.com.apk,714sl026.3nsw0.com,https://714sl026.3nsw0.com/,no_nodes,2.4,0.0,19.1,40.5
721cpa3.l662t.com,hgx.hotcgcfjlfhmxhk.rqttxqscinnfoormfjxe,dXRhfC,80,65,2026-07-24 01:09,2026-07-24 13:53,0,0,true,/home/ninini/Agents/APK-Research/new_samples/721cpa3.l662t.com.apk,721cpa3.l662t.com,https://721cpa3.l662t.com/,no_nodes,6.4,0.0,19.8,38.1
712sf01.k2dav.com,yvevhrrew.liqbpfscrfhdapkq.nhtcjmgm,XCYDfc,80,62,2026-07-24 01:10,2026-07-24 13:53,0,0,true,/home/ninini/Agents/APK-Research/new_samples/712sf01.k2dav.com.apk,712sf01.k2dav.com,https://712sf01.k2dav.com/,no_nodes,2.7,0.0,19.8,39.1
719sh609.pile2.com,mtd.kyyfybsrkk.mgarmocqkxgcwgbjv,CTZGQr,80,64,2026-07-24 01:11,2026-07-24 13:53,20,4,true,/home/ninini/Agents/APK-Research/new_samples/719sh609.pile2.com.apk,719sh609.pile2.com,https://719sh609.pile2.com/,ok,2.7,0.0,20.0,19.8
713c238.e39d3.com,bhl.qpxfeuwmeoqtecyr.tkpaoipupynvnsawk,PgCkxu,80,61,2026-07-24 01:12,2026-07-24 13:53,0,0,true,/home/ninini/Agents/APK-Research/new_samples/713c238.e39d3.com.apk,713c238.e39d3.com,https://713c238.e39d3.com/,no_nodes,2.2,0.0,18.4,40.7
711cpa2.7k82a.com,shu.afvwyjeucqgrmds.tfmdeqtuledkoxkxgwne,WIJoyt,80,65,2026-07-24 01:13,2026-07-24 13:53,0,0,true,/home/ninini/Agents/APK-Research/new_samples/711cpa2.7k82a.com.apk,711cpa2.7k82a.com,https://711cpa2.7k82a.com/,no_nodes,9.4,0.0,20.0,39.2
721d136.hkqwt.com,lem.ldmwlcbfotfd.wtgijspdirwbwcyeuw,XjBPzO,80,62,2026-07-24 01:14,2026-07-24 13:53,0,0,true,/home/ninini/Agents/APK-Research/new_samples/721d136.hkqwt.com.apk,721d136.hkqwt.com,https://721d136.hkqwt.com/,no_nodes,4.0,0.0,20.1,38.2
721yh40.z3x4k.com,nsj.yvyjqkxdatbv.xutustqauxrmgnrtwwsu,OTxVtY,80,65,2026-07-24 01:15,2026-07-24 13:53,0,0,true,/home/ninini/Agents/APK-Research/new_samples/721yh40.z3x4k.com.apk,721yh40.z3x4k.com,https://721yh40.z3x4k.com/,no_nodes,7.7,0.0,20.2,40.6
721yh485.z3x4k.com,nsj.yvyjqkxdatbv.xutustqauxrmgnrtwwsu,OTxVtY,80,65,2026-07-24 01:16,2026-07-24 13:53,0,0,true,/home/ninini/Agents/APK-Research/new_samples/721yh485.z3x4k.com.apk,721yh485.z3x4k.com,https://721yh485.z3x4k.com/,no_nodes,6.5,0.0,19.4,39.7
718sf2.nsnrb.com,mlv.sbxgehhseddf.kqdvjgomabfjrirrpj,eVdshp,80,62,2026-07-24 01:17,2026-07-24 13:53,0,0,true,/home/ninini/Agents/APK-Research/new_samples/718sf2.nsnrb.com.apk,718sf2.nsnrb.com,https://718sf2.nsnrb.com/,no_nodes,5.2,0.0,18.6,39.8
719yhq3.g30y7.com,nsj.yvyjqkxdatbv.xutustqauxrmgnrtwwsu,OTxVtY,80,65,2026-07-24 01:18,2026-07-24 13:53,0,0,true,/home/ninini/Agents/APK-Research/new_samples/719yhq3.g30y7.com.apk,719yhq3.g30y7.com,https://719yhq3.g30y7.com/,no_nodes,8.5,0.0,18.7,40.8
715yh119.9v5j0.com,uix.novlynnpcatn.yimrxxoaamhwejmvfyaw,AsQdQW,80,65,2026-07-24 01:19,2026-07-24 13:53,0,0,true,/home/ninini/Agents/APK-Research/new_samples/715yh119.9v5j0.com.apk,715yh119.9v5j0.com,https://715yh119.9v5j0.com/,no_nodes,11.6,0.0,20.7,39.9
710b245.l5neq.com,pjstltpsr.ouqoxtvcqbjyfhrs.jakmkqih,dsQXSj,80,62,2026-07-24 01:20,2026-07-24 13:53,0,0,true,/home/ninini/Agents/APK-Research/new_samples/710b245.l5neq.com.apk,710b245.l5neq.com,https://710b245.l5neq.com/,no_nodes,2.4,0.0,18.6,41.1
714cpb05.j5lwx.com,abe.tlorfveunnk.nownoelumwtismqi,chBzFP,80,64,2026-07-24 01:21,2026-07-24 13:53,0,0,true,/home/ninini/Agents/APK-Research/new_samples/714cpb05.j5lwx.com.apk,714cpb05.j5lwx.com,https://714cpb05.j5lwx.com/,no_nodes,4.8,0.0,19.1,40.9
719n051.gtr3i.com,gru.dkbltacbrpn.sunudkfmcomyybwj,YPijFO,80,64,2026-07-24 01:22,2026-07-24 13:53,0,0,true,/home/ninini/Agents/APK-Research/new_samples/719n051.gtr3i.com.apk,719n051.gtr3i.com,https://719n051.gtr3i.com/,no_nodes,2.7,0.0,19.5,42.2
711b209.bixfl.com,pnmnbjolw.ahfcjoipqvxdgljj.icpupnpt,DzYAoZ,80,62,2026-07-24 01:23,2026-07-24 13:53,0,0,true,/home/ninini/Agents/APK-Research/new_samples/711b209.bixfl.com.apk,711b209.bixfl.com,https://711b209.bixfl.com/,no_nodes,2.6,0.0,19.8,39.5
713dao01.diotb.qqvvx.com,lib.ibpieaubecgah.swruohcmeikxgxyxbu,hTdmwX,80,65,2026-07-26 22:47,2026-07-26 22:47,26,1,false,/home/ninini/Agents/APK-Research/new_samples/713dao01.diotb.qqvvx.com.apk,713dao01.diotb.qqvvx.com,https://713dao01.diotb.qqvvx.com/,ok,6.8,0.0,18.9,79.8
712cpc06.z4j7y.com,iik.lmsyusqwlexcaja.abrxsaxhlmxkyns,gmdtOI,80,66,2026-07-26 22:51,2026-07-26 22:51,14,0,false,/home/ninini/Agents/APK-Research/new_samples/712cpc06.z4j7y.com.apk,712cpc06.z4j7y.com,https://712cpc06.z4j7y.com/,ok,15.7,0.5,21.5,81.4
711cpc03.bydtz.com,gje.mreokkkcijhilnj.ppfgstxqwhpvrfu,oOvBXM,80,66,2026-07-26 22:52,2026-07-26 22:52,15,0,false,/home/ninini/Agents/APK-Research/new_samples/711cpc03.bydtz.com.apk,711cpc03.bydtz.com,https://711cpc03.bydtz.com/,ok,6.8,0.3,21.6,81.0
711cpc125.k0in8.com,iik.lmsyusqwlexcaja.abrxsaxhlmxkyns,gmdtOI,80,66,2026-07-26 22:54,2026-07-26 22:54,11,0,false,/home/ninini/Agents/APK-Research/new_samples/711cpc125.k0in8.com.apk,711cpc125.k0in8.com,https://711cpc125.k0in8.com/,ok,7.2,0.3,22.5,81.0
711cpc94.u68qm.com,gje.mreokkkcijhilnj.ppfgstxqwhpvrfu,oOvBXM,80,66,2026-07-26 22:56,2026-07-26 22:56,12,0,false,/home/ninini/Agents/APK-Research/new_samples/711cpc94.u68qm.com.apk,711cpc94.u68qm.com,https://711cpc94.u68qm.com/,ok,6.6,0.4,22.0,81.1
711cpc01.maufr.com,gje.mreokkkcijhilnj.ppfgstxqwhpvrfu,oOvBXM,80,66,2026-07-26 22:58,2026-07-26 22:58,10,0,false,/home/ninini/Agents/APK-Research/new_samples/711cpc01.maufr.com.apk,711cpc01.maufr.com,https://711cpc01.maufr.com/,ok,7.2,0.3,22.0,81.5
721ww16.f1ik3f.top,vyp.ihwhcadwqseonc.yecicniwdkqcrubwgkfd,dPXGap,80,63,2026-07-26 22:59,2026-07-26 22:59,13,1,false,/home/ninini/Agents/APK-Research/new_samples/721ww16.f1ik3f.top.apk,721ww16.f1ik3f.top,https://721ww16.f1ik3f.top/,ok,15.0,0.0,19.9,19.3
711cpc57.ilq9v.com,vnd.dmeanvrymvvreeq.qlcdrkkftgbuief,acezNI,80,66,2026-07-26 23:01,2026-07-26 23:01,11,0,false,/home/ninini/Agents/APK-Research/new_samples/711cpc57.ilq9v.com.apk,711cpc57.ilq9v.com,https://711cpc57.ilq9v.com/,ok,7.9,0.4,22.8,81.9
711hu124.jds46.fqstyj.com,bie.avgcxyowyhlpk.fvsabfahysqbwjwjcd,wvTFGp,80,65,2026-07-26 23:03,2026-07-26 23:03,10,0,false,/home/ninini/Agents/APK-Research/new_samples/711hu124.jds46.fqstyj.com.apk,711hu124.jds46.fqstyj.com,https://711hu124.jds46.fqstyj.com/,ok,5.7,0.0,19.9,81.6
711cpc04.4h1k5.com,vnd.dmeanvrymvvreeq.qlcdrkkftgbuief,acezNI,80,66,2026-07-26 23:04,2026-07-26 23:04,11,0,false,/home/ninini/Agents/APK-Research/new_samples/711cpc04.4h1k5.com.apk,711cpc04.4h1k5.com,https://711cpc04.4h1k5.com/,ok,7.0,0.4,21.2,83.0
711cpc01.aht1x.com,wkd.yoekepvwxkegqbo.bjneifojjqocuee,mpGRwl,80,65,2026-07-26 23:06,2026-07-26 23:06,9,0,false,/home/ninini/Agents/APK-Research/new_samples/711cpc01.aht1x.com.apk,711cpc01.aht1x.com,https://711cpc01.aht1x.com/,ok,7.3,0.8,21.0,82.6
713cpc14.7eqm5.com,xsl.lchjnqlungvpmfs.eehttjxdsfytsih,doRRcQ,80,66,2026-07-26 23:08,2026-07-26 23:08,10,0,false,/home/ninini/Agents/APK-Research/new_samples/713cpc14.7eqm5.com.apk,713cpc14.7eqm5.com,https://713cpc14.7eqm5.com/,ok,6.8,0.7,20.6,83.1
721xu011.lbx51.msleia.cn,dqs.osblsmvsdkjnf.djwoxkptqowigrrpvs,zekUzc,80,65,2026-07-26 23:10,2026-07-26 23:10,8,0,false,/home/ninini/Agents/APK-Research/new_samples/721xu011.lbx51.msleia.cn.apk,721xu011.lbx51.msleia.cn,https://721xu011.lbx51.msleia.cn/,ok,7.7,0.0,19.3,80.2
716dt24.w2be3i.top,com.tnwfxikpaxgqo.rztegvwsjqzecpkcohkq,pTVBIM,80,63,2026-07-26 23:12,2026-07-26 23:12,14,0,false,/home/ninini/Agents/APK-Research/new_samples/716dt24.w2be3i.top.apk,716dt24.w2be3i.top,https://716dt24.w2be3i.top/,ok,12.0,0.0,19.4,15.8
715cpc03.14c2r.com,dpf.lgmhbquacugdxkl.pphojqowwldkeyd,MfFiot,80,66,2026-07-26 23:13,2026-07-26 23:13,12,0,false,/home/ninini/Agents/APK-Research/new_samples/715cpc03.14c2r.com.apk,715cpc03.14c2r.com,https://715cpc03.14c2r.com/,ok,9.0,0.4,22.4,39.3
716cpc01.j7ss2.com,dkq.bbkkxwaxcwuwxno.vtpboivcmomrgwn,HZaErR,80,66,2026-07-26 23:14,2026-07-26 23:14,9,0,false,/home/ninini/Agents/APK-Research/new_samples/716cpc01.j7ss2.com.apk,716cpc01.j7ss2.com,https://716cpc01.j7ss2.com/,ok,6.9,0.4,22.0,39.1
711cpc20.k0in8.com,dpf.lgmhbquacugdxkl.pphojqowwldkeyd,MfFiot,80,66,2026-07-26 23:15,2026-07-26 23:15,8,0,false,/home/ninini/Agents/APK-Research/new_samples/711cpc20.k0in8.com.apk,711cpc20.k0in8.com,https://711cpc20.k0in8.com/,ok,7.6,0.5,21.9,39.2
711cpc02.3zn6k.com,dpf.lgmhbquacugdxkl.pphojqowwldkeyd,MfFiot,80,66,2026-07-26 23:16,2026-07-26 23:16,12,0,false,/home/ninini/Agents/APK-Research/new_samples/711cpc02.3zn6k.com.apk,711cpc02.3zn6k.com,https://711cpc02.3zn6k.com/,ok,6.3,0.5,23.0,38.9
715xiao23.isslx.nlvbhw.com,lqr.gxjidimmfprne.nbuwqewexapdbafssr,drgnmY,80,65,2026-07-26 23:31,2026-07-26 23:31,6,0,false,/home/ninini/Agents/APK-Research/new_samples/715xiao23.isslx.nlvbhw.com.apk,715xiao23.isslx.nlvbhw.com,,ok,0.0,0.0,18.8,38.1
716dao10.wyfzq.unlgqb.com,hsk.abmcttdcihlbn.hsenrxhhbwadjyfevd,GymPjR,80,65,2026-07-26 23:32,2026-07-26 23:32,9,0,false,/home/ninini/Agents/APK-Research/new_samples/716dao10.wyfzq.unlgqb.com.apk,716dao10.wyfzq.unlgqb.com,,ok,0.0,0.0,18.4,38.1
713zok07.bgh61.qqvvx.com,nhj.krayasyyqvwwk.bppdxbwrtwwijpkrxw,EpXKlA,80,65,2026-07-26 23:33,2026-07-26 23:33,6,0,false,/home/ninini/Agents/APK-Research/new_samples/713zok07.bgh61.qqvvx.com.apk,713zok07.bgh61.qqvvx.com,,ok,0.0,0.0,18.5,38.2
718xu001.mtw38.bxgsnj.com,xjp.hjfvasoytrqaj.bpeyddkdouieuufosw,xVQKfa,80,65,2026-07-26 23:34,2026-07-26 23:34,7,0,false,/home/ninini/Agents/APK-Research/new_samples/718xu001.mtw38.bxgsnj.com.apk,718xu001.mtw38.bxgsnj.com,,ok,0.0,0.0,18.5,37.9
718zok16.lsa89.bxgsnj.com,wlp.gyfkmiilmxrft.eyengorclyksfnxppe,DsyZpy,80,65,2026-07-26 23:35,2026-07-26 23:35,7,0,false,/home/ninini/Agents/APK-Research/new_samples/718zok16.lsa89.bxgsnj.com.apk,718zok16.lsa89.bxgsnj.com,,ok,0.0,0.0,20.0,36.5
711hua18.osc94.fqstyj.com,bqa.ylfsskyoaomcc.vmoxgkaelwbhqialhx,NjXdDg,80,65,2026-07-26 23:37,2026-07-26 23:37,5,0,false,/home/ninini/Agents/APK-Research/new_samples/711hua18.osc94.fqstyj.com.apk,711hua18.osc94.fqstyj.com,,ok,0.0,0.0,19.0,38.3
715hu102.scl85.nlvbhw.com,jmq.etvbddsovgeoj.ydkxmtelglgrnxqfio,ZkjORK,80,65,2026-07-26 23:37,2026-07-26 23:37,6,0,false,/home/ninini/Agents/APK-Research/new_samples/715hu102.scl85.nlvbhw.com.apk,715hu102.scl85.nlvbhw.com,,ok,0.0,0.0,18.4,38.4
713xiao36.qdjsg.qqvvx.com,pnf.nknyqgecydauv.abafkomptrhqpdsnpo,hLOSCW,80,65,2026-07-26 23:38,2026-07-26 23:38,5,0,false,/home/ninini/Agents/APK-Research/new_samples/713xiao36.qdjsg.qqvvx.com.apk,713xiao36.qdjsg.qqvvx.com,,ok,0.0,0.0,18.8,38.4
710bw115.rmz23.gpzycm.com,ydk.volwbfsxxlajv.xvpdcfkeuxgqonturq,vwAvgf,80,65,2026-07-26 23:39,2026-07-26 23:39,5,0,false,/home/ninini/Agents/APK-Research/new_samples/710bw115.rmz23.gpzycm.com.apk,710bw115.rmz23.gpzycm.com,,ok,0.0,0.0,19.9,37.2
712dong20.tag83.stskai.com,abs.bktsplgvjuvnd.ufdeuiehfswabwrjwq,uepeHT,80,65,2026-07-26 23:40,2026-07-26 23:40,7,0,false,/home/ninini/Agents/APK-Research/new_samples/712dong20.tag83.stskai.com.apk,712dong20.tag83.stskai.com,,ok,0.0,0.0,19.7,43.1
710bw127.yij47.gpzycm.com,ydk.volwbfsxxlajv.xvpdcfkeuxgqonturq,vwAvgf,80,65,2026-07-26 23:42,2026-07-26 23:42,7,0,false,/home/ninini/Agents/APK-Research/new_samples/710bw127.yij47.gpzycm.com.apk,710bw127.yij47.gpzycm.com,,ok,0.0,0.0,20.3,36.6
722dong32.kui65.crflvc.cn,rno.umfusporpxglj.roinleusrrfoyeulqf,NTeflG,80,65,2026-07-26 23:43,2026-07-26 23:43,0,0,false,/home/ninini/Agents/APK-Research/new_samples/722dong32.kui65.crflvc.cn.apk,722dong32.kui65.crflvc.cn,,no_nodes,0.0,0.0,19.9,39.3
715od21.wyryu.nlvbhw.com,ums.dsstficbglfjb.ondsdeteccgrnhogyf,vXqxDa,80,65,2026-07-26 23:44,2026-07-26 23:44,0,0,false,/home/ninini/Agents/APK-Research/new_samples/715od21.wyryu.nlvbhw.com.apk,715od21.wyryu.nlvbhw.com,,no_nodes,0.0,0.0,18.3,39.2
716cpc05.d055b.com,uoj.givkbtsrmagumkc.vrtsocnqqvivwav,CBIIVe,80,66,2026-07-26 23:45,2026-07-26 23:45,7,0,false,/home/ninini/Agents/APK-Research/new_samples/716cpc05.d055b.com.apk,716cpc05.d055b.com,,ok,0.0,0.0,21.6,39.5
713yj056.fgc30.qqvvx.com,dxs.qksawawxwhcfy.mhmvwhhcrahtcykkbp,PKJmFD,80,65,2026-07-26 23:46,2026-07-26 23:46,6,0,false,/home/ninini/Agents/APK-Research/new_samples/713yj056.fgc30.qqvvx.com.apk,713yj056.fgc30.qqvvx.com,,ok,0.0,0.0,20.8,37.8
716cpc02.5y9ky.com,xqe.bbrekenoofdgkfn.qvtnlnftcnqango,dMgkDP,80,66,2026-07-26 23:48,2026-07-26 23:48,7,0,false,/home/ninini/Agents/APK-Research/new_samples/716cpc02.5y9ky.com.apk,716cpc02.5y9ky.com,,ok,0.0,0.0,21.9,39.4
711cpc06.p10q7.com,wcm.fwkhabvxphuwgat.psprngxfqececws,pDdngX,80,66,2026-07-26 23:49,2026-07-26 23:49,7,0,false,/home/ninini/Agents/APK-Research/new_samples/711cpc06.p10q7.com.apk,711cpc06.p10q7.com,,ok,0.0,0.0,23.5,37.5
714jima09.nxa71.rylvib.com,sxb.pkjjtvinkanxp.bujxpfwpmkrdobietp,atwivn,80,65,2026-07-26 23:50,2026-07-26 23:50,6,0,false,/home/ninini/Agents/APK-Research/new_samples/714jima09.nxa71.rylvib.com.apk,714jima09.nxa71.rylvib.com,,ok,0.0,0.0,18.8,38.6
713hu108.idf84.qqvvx.com,dxs.qksawawxwhcfy.mhmvwhhcrahtcykkbp,PKJmFD,80,65,2026-07-26 23:52,2026-07-26 23:52,5,0,false,/home/ninini/Agents/APK-Research/new_samples/713hu108.idf84.qqvvx.com.apk,713hu108.idf84.qqvvx.com,,ok,0.0,0.0,21.3,38.0
721ww58.b6yr5k.top,dya.ffyhkaqcbunnrd.hekhnucieewpccablogh,eXjbLn,80,63,2026-07-26 23:53,2026-07-26 23:53,7,0,false,/home/ninini/Agents/APK-Research/new_samples/721ww58.b6yr5k.top.apk,721ww58.b6yr5k.top,,ok,0.0,0.0,19.0,38.5
712xiao02.hxg69.stskai.com,vdu.ldhgqcxwjqamk.jqbcruptruxbkxukbq,GdcBjB,80,65,2026-07-26 23:54,2026-07-26 23:54,4,0,false,/home/ninini/Agents/APK-Research/new_samples/712xiao02.hxg69.stskai.com.apk,712xiao02.hxg69.stskai.com,,ok,0.0,0.0,22.1,36.6
719xscw2.zyp68.tfgskl.cn,com.drtuyyuysblfre.dzvhztexycovgkocav,PymZpt,80,63,2026-07-26 23:55,2026-07-26 23:55,15,0,false,/home/ninini/Agents/APK-Research/new_samples/719xscw2.zyp68.tfgskl.cn.apk,719xscw2.zyp68.tfgskl.cn,,ok,0.0,0.0,19.1,20.1
711cpc62.ers5c.com,xmg.rxlghnaymoijebx.mthsgufpwxpfcpo,doYTVQ,80,66,2026-07-26 23:57,2026-07-26 23:57,10,0,false,/home/ninini/Agents/APK-Research/new_samples/711cpc62.ers5c.com.apk,711cpc62.ers5c.com,,ok,0.0,0.0,21.5,40.0
716cpc08.jgbzi.com,xmg.rxlghnaymoijebx.mthsgufpwxpfcpo,doYTVQ,80,66,2026-07-26 23:58,2026-07-26 23:58,10,0,false,/home/ninini/Agents/APK-Research/new_samples/716cpc08.jgbzi.com.apk,716cpc08.jgbzi.com,,ok,0.0,0.0,23.4,39.0
710cpc08.2ah27.com,xmg.rxlghnaymoijebx.mthsgufpwxpfcpo,doYTVQ,80,66,2026-07-26 23:59,2026-07-26 23:59,9,0,false,/home/ninini/Agents/APK-Research/new_samples/710cpc08.2ah27.com.apk,710cpc08.2ah27.com,,ok,0.0,0.0,23.5,38.0
718zok06.apl59.fnpyvc.cn,pmu.bfetdrouoboox.numqwpwoqmdlofaert,EwhSRz,80,65,2026-07-27 00:01,2026-07-27 00:01,6,0,false,/home/ninini/Agents/APK-Research/new_samples/718zok06.apl59.fnpyvc.cn.apk,718zok06.apl59.fnpyvc.cn,,ok,0.0,0.0,18.9,38.6
711cpc40.etw2i.com,ack.pkabgwylwfjppav.lnfteaowlrwqosa,OZlimg,80,66,2026-07-27 00:02,2026-07-27 00:02,11,0,false,/home/ninini/Agents/APK-Research/new_samples/711cpc40.etw2i.com.apk,711cpc40.etw2i.com,,ok,0.0,0.0,21.2,39.5
716zok13.zjl77.unlgqb.com,qdj.hbwwfrsdeswxk.ityovadbboesoycgbg,anzCHv,80,65,2026-07-27 00:03,2026-07-27 00:03,8,0,false,/home/ninini/Agents/APK-Research/new_samples/716zok13.zjl77.unlgqb.com.apk,716zok13.zjl77.unlgqb.com,,ok,0.0,0.0,18.1,38.8
716cpc06.g5jll.com,ack.pkabgwylwfjppav.lnfteaowlrwqosa,OZlimg,80,66,2026-07-27 00:05,2026-07-27 00:05,7,0,false,/home/ninini/Agents/APK-Research/new_samples/716cpc06.g5jll.com.apk,716cpc06.g5jll.com,,ok,0.0,0.0,21.1,39.1
719cpc06.i1bmh.com,ack.pkabgwylwfjppav.lnfteaowlrwqosa,OZlimg,80,66,2026-07-27 00:06,2026-07-27 00:06,9,0,false,/home/ninini/Agents/APK-Research/new_samples/719cpc06.i1bmh.com.apk,719cpc06.i1bmh.com,,ok,0.0,0.0,21.1,39.0
711cpc01.14c2r.com,ack.pkabgwylwfjppav.lnfteaowlrwqosa,OZlimg,80,66,2026-07-27 00:07,2026-07-27 00:07,10,0,false,/home/ninini/Agents/APK-Research/new_samples/711cpc01.14c2r.com.apk,711cpc01.14c2r.com,,ok,0.0,0.0,21.1,39.0
710hu107.dkz85.gpzycm.com,ypv.eepieaegjesmv.yboamtuwyrhowsfdrn,GpNuzC,80,65,2026-07-27 00:08,2026-07-27 00:08,9,0,false,/home/ninini/Agents/APK-Research/new_samples/710hu107.dkz85.gpzycm.com.apk,710hu107.dkz85.gpzycm.com,,ok,0.0,0.0,19.7,38.1
716zok16.mvh95.unlgqb.com,jmx.jbpuppidndfan.tnepbelgifmcrvxpaa,RCuEfT,80,65,2026-07-27 00:10,2026-07-27 00:10,8,0,false,/home/ninini/Agents/APK-Research/new_samples/716zok16.mvh95.unlgqb.com.apk,716zok16.mvh95.unlgqb.com,,ok,0.0,0.0,19.5,35.1
711cpc17.779a2.com,ept.ixhiarrgssrctkl.yxarramimmeofvf,MkepCx,80,65,2026-07-27 00:11,2026-07-27 00:11,7,0,false,/home/ninini/Agents/APK-Research/new_samples/711cpc17.779a2.com.apk,711cpc17.779a2.com,,ok,0.0,0.0,21.2,39.3
713hu101.jid81.qqvvx.com,qlp.rpbqfajbymoum.flammvggkejaarfhir,rhRNQG,80,65,2026-07-27 00:12,2026-07-27 00:12,6,0,false,/home/ninini/Agents/APK-Research/new_samples/713hu101.jid81.qqvvx.com.apk,713hu101.jid81.qqvvx.com,,ok,0.0,0.0,18.3,38.8
712hu135.rvu32.stskai.com,rmq.jfpoquqpfeuqh.mmeggtthipyrtsimwh,jxYaXL,80,65,2026-07-27 00:14,2026-07-27 00:14,9,0,false,/home/ninini/Agents/APK-Research/new_samples/712hu135.rvu32.stskai.com.apk,712hu135.rvu32.stskai.com,,ok,0.0,0.0,18.5,38.1
718xiao02.tds16.bxgsnj.com,aee.vcjuepbcqpqbo.dhvxkcjftytbddeewg,JogUbz,80,65,2026-07-27 00:15,2026-07-27 00:15,7,0,false,/home/ninini/Agents/APK-Research/new_samples/718xiao02.tds16.bxgsnj.com.apk,718xiao02.tds16.bxgsnj.com,,ok,0.0,0.0,19.8,36.8
711bw101.mga11.fqstyj.com,ngi.ylrippkqigfkl.hsdppmgrypvjyfbhsh,jysPau,80,65,2026-07-27 00:16,2026-07-27 00:16,7,0,false,/home/ninini/Agents/APK-Research/new_samples/711bw101.mga11.fqstyj.com.apk,711bw101.mga11.fqstyj.com,,ok,0.0,0.0,18.3,38.7
713jima10.prmkk.qqvvx.com,kul.ixeodsiuycchb.oxirlnscyxhnxjrhcv,eyhTUG,80,65,2026-07-27 00:17,2026-07-27 00:17,8,0,false,/home/ninini/Agents/APK-Research/new_samples/713jima10.prmkk.qqvvx.com.apk,713jima10.prmkk.qqvvx.com,,ok,0.0,0.0,19.8,36.6
713hu109.mvj52.qqvvx.com,aee.aqexfxvvevisx.hpwclmylxrxtlqkdga,JtpEmU,80,65,2026-07-27 00:19,2026-07-27 00:19,8,0,false,/home/ninini/Agents/APK-Research/new_samples/713hu109.mvj52.qqvvx.com.apk,713hu109.mvj52.qqvvx.com,,ok,0.0,0.0,18.4,38.7
714hu127.sob80.rylvib.com,hhb.jaivcemkhfvwc.nwovqxwlwbvdlfyuke,uxoXjX,80,65,2026-07-27 00:20,2026-07-27 00:20,5,0,false,/home/ninini/Agents/APK-Research/new_samples/714hu127.sob80.rylvib.com.apk,714hu127.sob80.rylvib.com,,ok,0.0,0.0,19.9,36.7
714xiao37.chg11.rylvib.com,hpo.foevmlfhoocht.kacagfnvwdasgwacbv,xlMwIK,80,65,2026-07-27 00:21,2026-07-27 00:21,7,0,false,/home/ninini/Agents/APK-Research/new_samples/714xiao37.chg11.rylvib.com.apk,714xiao37.chg11.rylvib.com,,ok,0.0,0.0,18.2,38.5
716xiao21.glw76.unlgqb.com,dbg.vmiupompgqbds.fhxknqswsqmnefacqq,qtXBMD,80,65,2026-07-27 00:22,2026-07-27 00:22,6,0,false,/home/ninini/Agents/APK-Research/new_samples/716xiao21.glw76.unlgqb.com.apk,716xiao21.glw76.unlgqb.com,,ok,0.0,0.0,20.4,36.1
716xiao23.wpb93.unlgqb.com,dbl.fpelmryokrtiu.mophddwaexifssrwvt,DKYoWW,80,65,2026-07-27 00:24,2026-07-27 00:24,6,0,false,/home/ninini/Agents/APK-Research/new_samples/716xiao23.wpb93.unlgqb.com.apk,716xiao23.wpb93.unlgqb.com,,ok,0.0,0.0,18.1,37.9
714hu109.jsg45.rylvib.com,hcd.pebgoljiunmlh.nxhqwqrgbhoyybdggq,BUZVoI,80,65,2026-07-27 00:25,2026-07-27 00:25,6,0,false,/home/ninini/Agents/APK-Research/new_samples/714hu109.jsg45.rylvib.com.apk,714hu109.jsg45.rylvib.com,,ok,0.0,0.0,19.8,37.8
712tb71.aogoj.stskai.com,qty.igkknstdddnub.ictlitxstikipkbjwp,SyveNN,80,65,2026-07-27 00:26,2026-07-27 00:26,7,0,false,/home/ninini/Agents/APK-Research/new_samples/712tb71.aogoj.stskai.com.apk,712tb71.aogoj.stskai.com,,ok,0.0,0.0,19.8,37.7
714jima10.xdr92.rylvib.com,tdb.cuyofyuqfpwrn.rjrexwladtedinconu,KdqOgU,80,65,2026-07-27 00:27,2026-07-27 00:27,5,0,false,/home/ninini/Agents/APK-Research/new_samples/714jima10.xdr92.rylvib.com.apk,714jima10.xdr92.rylvib.com,,ok,0.0,0.0,18.3,37.9
713hu106.wom95.qqvvx.com,hhi.lcdgiqedyqfwd.xwfsyrkftcccxcvmys,AhNkrI,80,65,2026-07-27 00:29,2026-07-27 00:29,5,0,false,/home/ninini/Agents/APK-Research/new_samples/713hu106.wom95.qqvvx.com.apk,713hu106.wom95.qqvvx.com,,ok,0.0,0.0,20.1,38.2
713zok18.ktl58.qqvvx.com,csj.batlhfeadngwn.dgfycagbhxcgqvdbwb,anuwQM,80,65,2026-07-27 00:30,2026-07-27 00:30,6,0,false,/home/ninini/Agents/APK-Research/new_samples/713zok18.ktl58.qqvvx.com.apk,713zok18.ktl58.qqvvx.com,,ok,0.0,0.0,18.0,37.9
718jf302.gtx54.bxgsnj.com,rxv.ismfumwvjnjrb.uqothatpbkpqibsqjo,hfTVqd,80,65,2026-07-27 00:31,2026-07-27 00:31,7,0,false,/home/ninini/Agents/APK-Research/new_samples/718jf302.gtx54.bxgsnj.com.apk,718jf302.gtx54.bxgsnj.com,,ok,0.0,0.0,19.6,37.8
710dong08.nfu56.gpzycm.com,mcp.xbtmhbtrsrhcj.rlvjmslvpeukhwhfas,PZVkwK,80,65,2026-07-27 00:33,2026-07-27 00:33,8,0,false,/home/ninini/Agents/APK-Research/new_samples/710dong08.nfu56.gpzycm.com.apk,710dong08.nfu56.gpzycm.com,,ok,0.0,0.0,18.3,37.9
710dong27.qev30.gpzycm.com,jnv.kpcriujfmrset.henoqcprxgyuxpercf,RkCCVr,80,65,2026-07-27 00:34,2026-07-27 00:34,6,0,false,/home/ninini/Agents/APK-Research/new_samples/710dong27.qev30.gpzycm.com.apk,710dong27.qev30.gpzycm.com,,ok,0.0,0.0,18.0,37.8
710dong41.iki60.gpzycm.com,mcp.xbtmhbtrsrhcj.rlvjmslvpeukhwhfas,PZVkwK,80,65,2026-07-27 00:35,2026-07-27 00:35,9,0,false,/home/ninini/Agents/APK-Research/new_samples/710dong41.iki60.gpzycm.com.apk,710dong41.iki60.gpzycm.com,,ok,0.0,0.0,18.0,38.1
710xiao20.arrca.gpzycm.com,wsx.qdkafhnoaubdt.cbsjavancsuyfnmiyb,JReqGg,80,65,2026-07-27 00:36,2026-07-27 00:36,8,0,false,/home/ninini/Agents/APK-Research/new_samples/710xiao20.arrca.gpzycm.com.apk,710xiao20.arrca.gpzycm.com,,ok,0.0,0.0,18.0,37.8
712dong07.msd90.stskai.com,wsx.qdkafhnoaubdt.cbsjavancsuyfnmiyb,JReqGg,80,65,2026-07-27 00:38,2026-07-27 00:38,8,0,false,/home/ninini/Agents/APK-Research/new_samples/712dong07.msd90.stskai.com.apk,712dong07.msd90.stskai.com,,ok,0.0,0.0,18.1,37.7
712dong22.esk92.stskai.com,wqs.apemgyeqkhgwm.dcqvjqeqfjqsubaojf,LQhzZw,80,65,2026-07-27 00:39,2026-07-27 00:39,7,0,false,/home/ninini/Agents/APK-Research/new_samples/712dong22.esk92.stskai.com.apk,712dong22.esk92.stskai.com,,ok,0.0,0.0,18.4,38.0
712dong34.dpc31.stskai.com,oan.sshinlfdgbnkl.jxpoplhungiogenvos,qDrWqb,80,65,2026-07-27 00:40,2026-07-27 00:40,6,0,false,/home/ninini/Agents/APK-Research/new_samples/712dong34.dpc31.stskai.com.apk,712dong34.dpc31.stskai.com,,ok,0.0,0.0,19.7,35.9
712dong36.slz99.stskai.com,oan.sshinlfdgbnkl.jxpoplhungiogenvos,qDrWqb,80,65,2026-07-27 00:41,2026-07-27 00:41,6,0,false,/home/ninini/Agents/APK-Research/new_samples/712dong36.slz99.stskai.com.apk,712dong36.slz99.stskai.com,,ok,0.0,0.0,18.0,38.0
712dong44.ofv35.stskai.com,jon.hrkieybjimlmc.bdksrrfelmdyujqkms,LDbMVH,80,65,2026-07-27 00:43,2026-07-27 00:43,7,0,false,/home/ninini/Agents/APK-Research/new_samples/712dong44.ofv35.stskai.com.apk,712dong44.ofv35.stskai.com,,ok,0.0,0.0,20.0,36.1
712dong46.aff44.stskai.com,tjs.bvufnysckbudo.ghenkskotqlgnhxoxa,rFyUQW,80,65,2026-07-27 00:44,2026-07-27 00:44,6,0,false,/home/ninini/Agents/APK-Research/new_samples/712dong46.aff44.stskai.com.apk,712dong46.aff44.stskai.com,,ok,0.0,0.0,18.0,37.8
712xiao43.kuj13.stskai.com,one.ukfileklmyqku.eomgrpabvrqrouelqt,CwpYjx,80,65,2026-07-27 00:45,2026-07-27 00:45,6,0,false,/home/ninini/Agents/APK-Research/new_samples/712xiao43.kuj13.stskai.com.apk,712xiao43.kuj13.stskai.com,,ok,0.0,0.0,19.8,36.2
714dong05.evo28.rylvib.com,one.ukfileklmyqku.eomgrpabvrqrouelqt,CwpYjx,80,65,2026-07-27 00:46,2026-07-27 00:46,5,0,false,/home/ninini/Agents/APK-Research/new_samples/714dong05.evo28.rylvib.com.apk,714dong05.evo28.rylvib.com,,ok,0.0,0.0,18.8,38.1
714dong18.fhf16.rylvib.com,ywm.nfyrjrtbnxshj.eqtwimdpbsfekvqoma,uVUlCv,80,65,2026-07-27 00:48,2026-07-27 00:48,6,0,false,/home/ninini/Agents/APK-Research/new_samples/714dong18.fhf16.rylvib.com.apk,714dong18.fhf16.rylvib.com,,ok,0.0,0.0,19.8,36.0
714dong34.exr93.rylvib.com,tcv.sbfsxfpkxamut.vwitwewpxxqyrlactt,ncRCoM,80,65,2026-07-27 00:49,2026-07-27 00:49,6,0,false,/home/ninini/Agents/APK-Research/new_samples/714dong34.exr93.rylvib.com.apk,714dong34.exr93.rylvib.com,,ok,0.0,0.0,18.0,37.8
714dong44.cdz91.rylvib.com,nbl.enudculvrocfd.gjmdxiuxbytujkrbyl,rYKFps,80,65,2026-07-27 00:50,2026-07-27 00:50,5,0,false,/home/ninini/Agents/APK-Research/new_samples/714dong44.cdz91.rylvib.com.apk,714dong44.cdz91.rylvib.com,,ok,0.0,0.0,20.0,36.0
714dong46.ohi46.rylvib.com,tcv.sbfsxfpkxamut.vwitwewpxxqyrlactt,ncRCoM,80,65,2026-07-27 00:52,2026-07-27 00:52,6,0,false,/home/ninini/Agents/APK-Research/new_samples/714dong46.ohi46.rylvib.com.apk,714dong46.ohi46.rylvib.com,,ok,0.0,0.0,18.0,38.1
714xiao03.xkn27.rylvib.com,fjm.vsaesfhuodqby.xexiyeuofxrvhcxtyb,VHnOKf,80,65,2026-07-27 00:53,2026-07-27 00:53,7,0,false,/home/ninini/Agents/APK-Research/new_samples/714xiao03.xkn27.rylvib.com.apk,714xiao03.xkn27.rylvib.com,,ok,0.0,0.0,19.8,36.0
714xiao22.xkk78.rylvib.com,fjm.vsaesfhuodqby.xexiyeuofxrvhcxtyb,VHnOKf,80,65,2026-07-27 00:54,2026-07-27 00:54,8,0,false,/home/ninini/Agents/APK-Research/new_samples/714xiao22.xkk78.rylvib.com.apk,714xiao22.xkk78.rylvib.com,,ok,0.0,0.0,18.2,37.6
714xiao38.enu59.rylvib.com,rmv.iednbhfdrsggp.twdsghlqfubsmmvdib,PoQvCC,80,65,2026-07-27 00:55,2026-07-27 00:55,6,0,false,/home/ninini/Agents/APK-Research/new_samples/714xiao38.enu59.rylvib.com.apk,714xiao38.enu59.rylvib.com,,ok,0.0,0.0,19.9,36.1
714xiao39.rzw73.rylvib.com,rmv.iednbhfdrsggp.twdsghlqfubsmmvdib,PoQvCC,80,65,2026-07-27 00:57,2026-07-27 00:57,7,0,false,/home/ninini/Agents/APK-Research/new_samples/714xiao39.rzw73.rylvib.com.apk,714xiao39.rzw73.rylvib.com,,ok,0.0,0.0,18.0,37.8
715dong58.qtg45.nlvbhw.com,rmv.iednbhfdrsggp.twdsghlqfubsmmvdib,PoQvCC,80,65,2026-07-27 00:58,2026-07-27 00:58,6,0,false,/home/ninini/Agents/APK-Research/new_samples/715dong58.qtg45.nlvbhw.com.apk,715dong58.qtg45.nlvbhw.com,,ok,0.0,0.0,19.9,36.2
715dong60.wno58.nlvbhw.com,rmv.iednbhfdrsggp.twdsghlqfubsmmvdib,PoQvCC,80,65,2026-07-27 00:59,2026-07-27 00:59,6,0,false,/home/ninini/Agents/APK-Research/new_samples/715dong60.wno58.nlvbhw.com.apk,715dong60.wno58.nlvbhw.com,,ok,0.0,0.0,18.2,37.9
715dong69.fwr33.nlvbhw.com,lwb.srbwwnihbucos.aerrehrqdxmjdbjkck,QtlkCJ,80,65,2026-07-27 01:00,2026-07-27 01:00,6,0,false,/home/ninini/Agents/APK-Research/new_samples/715dong69.fwr33.nlvbhw.com.apk,715dong69.fwr33.nlvbhw.com,,ok,0.0,0.0,19.8,36.0
715dong72.des43.nlvbhw.com,acm.htmbtrakvcdbp.ocsadvbfogcmdikixw,VlAYiw,80,65,2026-07-27 01:02,2026-07-27 01:02,8,0,false,/home/ninini/Agents/APK-Research/new_samples/715dong72.des43.nlvbhw.com.apk,715dong72.des43.nlvbhw.com,,ok,0.0,0.0,18.1,37.3
715jima07.xxo52.nlvbhw.com,acm.htmbtrakvcdbp.ocsadvbfogcmdikixw,VlAYiw,80,65,2026-07-27 01:03,2026-07-27 01:03,7,0,false,/home/ninini/Agents/APK-Research/new_samples/715jima07.xxo52.nlvbhw.com.apk,715jima07.xxo52.nlvbhw.com,,ok,0.0,0.0,18.3,37.7
715jima09.ryo41.nlvbhw.com,kmp.lhhkvpihmlfud.jdpangphmroenvdpaa,zEzbyc,80,65,2026-07-27 01:04,2026-07-27 01:04,8,0,false,/home/ninini/Agents/APK-Research/new_samples/715jima09.ryo41.nlvbhw.com.apk,715jima09.ryo41.nlvbhw.com,,ok,0.0,0.0,19.9,36.0
715xiao03.irs37.nlvbhw.com,kmp.lhhkvpihmlfud.jdpangphmroenvdpaa,zEzbyc,80,65,2026-07-27 01:06,2026-07-27 01:06,6,0,false,/home/ninini/Agents/APK-Research/new_samples/715xiao03.irs37.nlvbhw.com.apk,715xiao03.irs37.nlvbhw.com,,ok,0.0,0.0,18.1,37.8
715xiao06.pousb.nlvbhw.com,uue.bgsvfkyjpsjjt.xkdcbiyfwutwejpeye,XLtyxO,80,65,2026-07-27 01:07,2026-07-27 01:07,6,0,false,/home/ninini/Agents/APK-Research/new_samples/715xiao06.pousb.nlvbhw.com.apk,715xiao06.pousb.nlvbhw.com,,ok,0.0,0.0,19.8,36.2
715xiao17.zkkng.nlvbhw.com,kmp.lhhkvpihmlfud.jdpangphmroenvdpaa,zEzbyc,80,65,2026-07-27 01:08,2026-07-27 01:08,7,0,false,/home/ninini/Agents/APK-Research/new_samples/715xiao17.zkkng.nlvbhw.com.apk,715xiao17.zkkng.nlvbhw.com,,ok,0.0,0.0,18.2,38.0
716dong44.rsq41.unlgqb.com,snr.ucfwhgacjecui.lhgvocvlplcditbowd,bTjReE,80,65,2026-07-27 01:09,2026-07-27 01:09,8,0,false,/home/ninini/Agents/APK-Research/new_samples/716dong44.rsq41.unlgqb.com.apk,716dong44.rsq41.unlgqb.com,,ok,0.0,0.0,18.3,37.7
716dong55.oaq52.unlgqb.com,uox.jkmaovrbjdxbc.cnejhnyvtvkpucblhp,fAPRua,80,65,2026-07-27 01:11,2026-07-27 01:11,6,0,false,/home/ninini/Agents/APK-Research/new_samples/716dong55.oaq52.unlgqb.com.apk,716dong55.oaq52.unlgqb.com,,ok,0.0,0.0,18.1,38.1
716meng04.iklmq.unlgqb.com,uox.jkmaovrbjdxbc.cnejhnyvtvkpucblhp,fAPRua,80,65,2026-07-27 01:12,2026-07-27 01:12,7,0,false,/home/ninini/Agents/APK-Research/new_samples/716meng04.iklmq.unlgqb.com.apk,716meng04.iklmq.unlgqb.com,,ok,0.0,0.0,18.3,37.8
716xiao09.xzt42.unlgqb.com,kyx.fcjxsrhvyqtec.iafqxllgvbiqhhjfxg,lLskOc,80,65,2026-07-27 01:13,2026-07-27 01:13,7,0,false,/home/ninini/Agents/APK-Research/new_samples/716xiao09.xzt42.unlgqb.com.apk,716xiao09.xzt42.unlgqb.com,,ok,0.0,0.0,18.5,38.1
716xiao10.tsm33.unlgqb.com,pvn.ylcpbkimafuwd.dglljhordslqapmere,BiAuJI,80,65,2026-07-27 01:15,2026-07-27 01:15,7,0,false,/home/ninini/Agents/APK-Research/new_samples/716xiao10.tsm33.unlgqb.com.apk,716xiao10.tsm33.unlgqb.com,,ok,0.0,0.0,20.0,37.2
716xiao40.nirsj.unlgqb.com,tdh.nytudmlnnwhyf.sydejfcsmfxlsbufve,gYyEDf,80,65,2026-07-27 01:16,2026-07-27 01:16,6,0,false,/home/ninini/Agents/APK-Research/new_samples/716xiao40.nirsj.unlgqb.com.apk,716xiao40.nirsj.unlgqb.com,,ok,0.0,0.0,18.1,38.0
718dong06.bbm58.bxgsnj.com,rpm.iwjgoyhstlcfu.hiokfkiiypexokkmog,nTfhqW,80,65,2026-07-27 01:17,2026-07-27 01:17,6,0,false,/home/ninini/Agents/APK-Research/new_samples/718dong06.bbm58.bxgsnj.com.apk,718dong06.bbm58.bxgsnj.com,,ok,0.0,0.0,19.8,37.8
718dong07.eez48.bxgsnj.com,rpm.iwjgoyhstlcfu.hiokfkiiypexokkmog,nTfhqW,80,65,2026-07-27 01:18,2026-07-27 01:18,5,0,false,/home/ninini/Agents/APK-Research/new_samples/718dong07.eez48.bxgsnj.com.apk,718dong07.eez48.bxgsnj.com,,ok,0.0,0.0,18.1,38.0
710bw114.hhf11.gpzycm.com,bhp.qhwpqaqvmkfmq.omokccqseqffnaimip,DGVYqO,80,65,2026-07-27 01:20,2026-07-27 01:20,6,0,false,/home/ninini/Agents/APK-Research/new_samples/710bw114.hhf11.gpzycm.com.apk,710bw114.hhf11.gpzycm.com,,ok,0.0,0.0,19.9,38.1
710bw145.ohs25.gpzycm.com,pjh.svjdehtbejvet.kahbteaeyigirttkdv,cXPYEs,80,65,2026-07-27 01:21,2026-07-27 01:21,5,0,false,/home/ninini/Agents/APK-Research/new_samples/710bw145.ohs25.gpzycm.com.apk,710bw145.ohs25.gpzycm.com,,ok,0.0,0.0,18.2,37.9
710jwx17.jck61.gpzycm.com,tgr.dodouakoegjjg.bewbmmhxxkbtcpqxgn,FAhgfw,80,65,2026-07-27 01:22,2026-07-27 01:22,5,0,false,/home/ninini/Agents/APK-Research/new_samples/710jwx17.jck61.gpzycm.com.apk,710jwx17.jck61.gpzycm.com,,ok,0.0,0.0,19.9,36.4
710sgl03.bscye.gpzycm.com,led.cbjcpgpinualn.gdyvhmwcrhsbgbawhm,SSjNkI,80,65,2026-07-27 01:24,2026-07-27 01:24,6,0,false,/home/ninini/Agents/APK-Research/new_samples/710sgl03.bscye.gpzycm.com.apk,710sgl03.bscye.gpzycm.com,,ok,0.0,0.0,18.3,37.8
710us001.iocfm.gpzycm.com,led.cbjcpgpinualn.gdyvhmwcrhsbgbawhm,SSjNkI,80,65,2026-07-27 01:25,2026-07-27 01:25,5,0,false,/home/ninini/Agents/APK-Research/new_samples/710us001.iocfm.gpzycm.com.apk,710us001.iocfm.gpzycm.com,,ok,0.0,0.0,19.8,36.1
710us002.vowpj.gpzycm.com,mqf.ibhawvwgkxxjs.enrbsnnafigynkhkcl,hQzbro,80,65,2026-07-27 01:26,2026-07-27 01:26,5,0,false,/home/ninini/Agents/APK-Research/new_samples/710us002.vowpj.gpzycm.com.apk,710us002.vowpj.gpzycm.com,,ok,0.0,0.0,18.1,37.9
710zok01.ajhtm.gpzycm.com,mqf.ibhawvwgkxxjs.enrbsnnafigynkhkcl,hQzbro,80,65,2026-07-27 01:28,2026-07-27 01:28,6,0,false,/home/ninini/Agents/APK-Research/new_samples/710zok01.ajhtm.gpzycm.com.apk,710zok01.ajhtm.gpzycm.com,,ok,0.0,0.0,20.1,36.2
710zok08.niuam.gpzycm.com,yab.cdbkvdtudxuue.dungpgtpldjjgnyrix,cehVrj,80,65,2026-07-27 01:29,2026-07-27 01:29,5,0,false,/home/ninini/Agents/APK-Research/new_samples/710zok08.niuam.gpzycm.com.apk,710zok08.niuam.gpzycm.com,,ok,0.0,0.0,18.4,37.8
710zok11.wpjih.gpzycm.com,gps.htfamevtkytmd.tmuaxrdkoukiidnegr,FNAhnI,80,65,2026-07-27 01:30,2026-07-27 01:30,5,0,false,/home/ninini/Agents/APK-Research/new_samples/710zok11.wpjih.gpzycm.com.apk,710zok11.wpjih.gpzycm.com,,ok,0.0,0.0,19.9,36.2
711bw128.dza94.fqstyj.com,yli.jtgahxpeyanld.olvrvqxdqrcehwujrn,jtatfL,80,65,2026-07-27 01:31,2026-07-27 01:31,5,0,false,/home/ninini/Agents/APK-Research/new_samples/711bw128.dza94.fqstyj.com.apk,711bw128.dza94.fqstyj.com,,ok,0.0,0.0,18.1,38.0
711bw137.orv32.fqstyj.com,pxu.naaobubbvxcxb.elbrbjcrljrlbfoqme,OlvBaV,80,65,2026-07-27 01:33,2026-07-27 01:33,6,0,false,/home/ninini/Agents/APK-Research/new_samples/711bw137.orv32.fqstyj.com.apk,711bw137.orv32.fqstyj.com,,ok,0.0,0.0,19.8,36.2
711bw154.ahz24.fqstyj.com,plg.cdbdvfpefkptk.oubuxohregooewsykm,lxvvCm,80,65,2026-07-27 01:34,2026-07-27 01:34,5,0,false,/home/ninini/Agents/APK-Research/new_samples/711bw154.ahz24.fqstyj.com.apk,711bw154.ahz24.fqstyj.com,,ok,0.0,0.0,18.1,38.2
711hu101.zad59.fqstyj.com,pxu.naaobubbvxcxb.elbrbjcrljrlbfoqme,OlvBaV,80,65,2026-07-27 01:35,2026-07-27 01:35,7,0,false,/home/ninini/Agents/APK-Research/new_samples/711hu101.zad59.fqstyj.com.apk,711hu101.zad59.fqstyj.com,,ok,0.0,0.0,18.2,38.0
711hu103.btw43.fqstyj.com,pxu.naaobubbvxcxb.elbrbjcrljrlbfoqme,OlvBaV,80,65,2026-07-27 01:37,2026-07-27 01:37,6,0,false,/home/ninini/Agents/APK-Research/new_samples/711hu103.btw43.fqstyj.com.apk,711hu103.btw43.fqstyj.com,,ok,0.0,0.0,19.9,37.8
711hu105.tmg17.fqstyj.com,kor.icbckqjulgnot.eetlegndpcfnvqokcv,gMOjJa,80,65,2026-07-27 01:38,2026-07-27 01:38,7,0,false,/home/ninini/Agents/APK-Research/new_samples/711hu105.tmg17.fqstyj.com.apk,711hu105.tmg17.fqstyj.com,,ok,0.0,0.0,18.1,37.8
711hu123.zpm28.fqstyj.com,kor.icbckqjulgnot.eetlegndpcfnvqokcv,gMOjJa,80,65,2026-07-27 01:39,2026-07-27 01:39,7,0,false,/home/ninini/Agents/APK-Research/new_samples/711hu123.zpm28.fqstyj.com.apk,711hu123.zpm28.fqstyj.com,,ok,0.0,0.0,19.9,38.1
711hu125.tah52.fqstyj.com,lqg.dpmbrpxsgwxkn.pgvtgutqrwtxfjhqeb,aPewgf,80,65,2026-07-27 01:40,2026-07-27 01:40,6,0,false,/home/ninini/Agents/APK-Research/new_samples/711hu125.tah52.fqstyj.com.apk,711hu125.tah52.fqstyj.com,,ok,0.0,0.0,18.5,37.5
711hu127.maq93.fqstyj.com,hmj.wkvfnafxyidvl.aullegljbftrnjkolc,PVfUfG,80,65,2026-07-27 01:42,2026-07-27 01:42,6,0,false,/home/ninini/Agents/APK-Research/new_samples/711hu127.maq93.fqstyj.com.apk,711hu127.maq93.fqstyj.com,,ok,0.0,0.0,19.9,36.1
711sgl04.hcg89.fqstyj.com,ulf.djhbhjoyrduve.htfecckxxtmisvriie,kFTesl,80,65,2026-07-27 01:43,2026-07-27 01:43,7,0,false,/home/ninini/Agents/APK-Research/new_samples/711sgl04.hcg89.fqstyj.com.apk,711sgl04.hcg89.fqstyj.com,,ok,0.0,0.0,18.2,37.8
711xu009.lip26.fqstyj.com,rho.fvedgwofsnhhh.maskqhseagprrwoojj,JfrHoa,80,65,2026-07-27 01:44,2026-07-27 01:44,7,0,false,/home/ninini/Agents/APK-Research/new_samples/711xu009.lip26.fqstyj.com.apk,711xu009.lip26.fqstyj.com,,ok,0.0,0.0,19.8,35.8
711ya005.tof43.fqstyj.com,rho.fvedgwofsnhhh.maskqhseagprrwoojj,JfrHoa,80,65,2026-07-27 01:46,2026-07-27 01:46,7,0,false,/home/ninini/Agents/APK-Research/new_samples/711ya005.tof43.fqstyj.com.apk,711ya005.tof43.fqstyj.com,,ok,0.0,0.0,18.1,37.6
711zok01.ixr65.fqstyj.com,tsk.dmvthyqhmqoph.ibltecypemmlamkrmv,HqdNHB,80,65,2026-07-27 01:47,2026-07-27 01:47,5,0,false,/home/ninini/Agents/APK-Research/new_samples/711zok01.ixr65.fqstyj.com.apk,711zok01.ixr65.fqstyj.com,,ok,0.0,0.0,18.5,38.0
711zok05.zts96.fqstyj.com,nob.qxdkkvpxqjrfk.pherjiiakvsavrniqh,Ovtuxx,80,65,2026-07-27 01:48,2026-07-27 01:48,5,0,false,/home/ninini/Agents/APK-Research/new_samples/711zok05.zts96.fqstyj.com.apk,711zok05.zts96.fqstyj.com,,ok,0.0,0.0,18.0,37.8
711zok08.fog26.fqstyj.com,frv.dwbfkrbuxphkf.rulmnalawmwgcatjty,UqzEXt,80,65,2026-07-27 01:50,2026-07-27 01:50,6,0,false,/home/ninini/Agents/APK-Research/new_samples/711zok08.fog26.fqstyj.com.apk,711zok08.fog26.fqstyj.com,,ok,0.0,0.0,17.9,37.8
711zok09.ezr67.fqstyj.com,xtj.nuqandheovshq.dauwbbnomlisivyomk,OrYJdF,80,65,2026-07-27 01:51,2026-07-27 01:51,5,0,false,/home/ninini/Agents/APK-Research/new_samples/711zok09.ezr67.fqstyj.com.apk,711zok09.ezr67.fqstyj.com,,ok,0.0,0.0,19.9,38.0
711zok10.ltg66.fqstyj.com,xtj.nuqandheovshq.dauwbbnomlisivyomk,OrYJdF,80,65,2026-07-27 01:52,2026-07-27 01:52,5,0,false,/home/ninini/Agents/APK-Research/new_samples/711zok10.ltg66.fqstyj.com.apk,711zok10.ltg66.fqstyj.com,,ok,0.0,0.0,18.1,37.7
711zok13.djw35.fqstyj.com,ivf.xshofejsgkaac.hmbeymlomrybuvlxcd,aRAJRp,80,65,2026-07-27 01:53,2026-07-27 01:53,6,0,false,/home/ninini/Agents/APK-Research/new_samples/711zok13.djw35.fqstyj.com.apk,711zok13.djw35.fqstyj.com,,ok,0.0,0.0,19.9,36.1
711zok14.snd23.fqstyj.com,ivf.xshofejsgkaac.hmbeymlomrybuvlxcd,aRAJRp,80,65,2026-07-27 01:55,2026-07-27 01:55,5,0,false,/home/ninini/Agents/APK-Research/new_samples/711zok14.snd23.fqstyj.com.apk,711zok14.snd23.fqstyj.com,,ok,0.0,0.0,18.3,37.7
711zok15.uqi13.fqstyj.com,tsc.kwknucgjpxpdx.cgdmhnmwjtnptbxqaq,uaOXkS,80,65,2026-07-27 01:56,2026-07-27 01:56,6,0,false,/home/ninini/Agents/APK-Research/new_samples/711zok15.uqi13.fqstyj.com.apk,711zok15.uqi13.fqstyj.com,,ok,0.0,0.0,19.8,35.9
712hu104.yni88.stskai.com,rdv.wdvrkxkoxjglm.glpwhdrdeixhthalrb,KpoFwy,80,65,2026-07-27 01:57,2026-07-27 01:57,6,0,false,/home/ninini/Agents/APK-Research/new_samples/712hu104.yni88.stskai.com.apk,712hu104.yni88.stskai.com,,ok,0.0,0.0,18.3,37.6
712hu105.gba42.stskai.com,sex.vrlupmxrvquoi.epqyxoxajxacggkqsm,sxEitL,80,65,2026-07-27 01:59,2026-07-27 01:59,6,0,false,/home/ninini/Agents/APK-Research/new_samples/712hu105.gba42.stskai.com.apk,712hu105.gba42.stskai.com,,ok,0.0,0.0,18.0,37.9
712hu110.nfg19.stskai.com,sex.vrlupmxrvquoi.epqyxoxajxacggkqsm,sxEitL,80,65,2026-07-27 02:00,2026-07-27 02:00,8,0,false,/home/ninini/Agents/APK-Research/new_samples/712hu110.nfg19.stskai.com.apk,712hu110.nfg19.stskai.com,,ok,0.0,0.0,20.0,37.8
712hu112.ytw65.stskai.com,sex.vrlupmxrvquoi.epqyxoxajxacggkqsm,sxEitL,80,65,2026-07-27 02:01,2026-07-27 02:01,6,0,false,/home/ninini/Agents/APK-Research/new_samples/712hu112.ytw65.stskai.com.apk,712hu112.ytw65.stskai.com,,ok,0.0,0.0,17.9,37.6
712hu122.pul78.stskai.com,mwi.xydnicbsngeil.ytikuwswkwkhggdxrd,EDwGtO,80,65,2026-07-27 02:03,2026-07-27 02:03,6,0,false,/home/ninini/Agents/APK-Research/new_samples/712hu122.pul78.stskai.com.apk,712hu122.pul78.stskai.com,,ok,0.0,0.0,20.0,37.5
712hu130.xyi57.stskai.com,ovu.dulhucdefqlyb.ywjyfpnsxuycralcpg,CWpqLO,80,65,2026-07-27 02:04,2026-07-27 02:04,7,0,false,/home/ninini/Agents/APK-Research/new_samples/712hu130.xyi57.stskai.com.apk,712hu130.xyi57.stskai.com,,ok,0.0,0.0,18.0,37.7
712hu134.vfq97.stskai.com,ovu.dulhucdefqlyb.ywjyfpnsxuycralcpg,CWpqLO,80,65,2026-07-27 02:05,2026-07-27 02:05,5,0,false,/home/ninini/Agents/APK-Research/new_samples/712hu134.vfq97.stskai.com.apk,712hu134.vfq97.stskai.com,,ok,0.0,0.0,19.9,35.7
712hua19.mqimx.stskai.com,wqf.itbfvegvtpshi.watgdkboavthtpyaea,XvTmHb,80,65,2026-07-27 02:06,2026-07-27 02:06,4,0,false,/home/ninini/Agents/APK-Research/new_samples/712hua19.mqimx.stskai.com.apk,712hua19.mqimx.stskai.com,,ok,0.0,0.0,18.2,37.8
712si012.fcc40.stskai.com,rac.prmolxjaarhxx.ojobehrkgahrgyetxe,qjvBEr,80,65,2026-07-27 02:08,2026-07-27 02:08,6,0,false,/home/ninini/Agents/APK-Research/new_samples/712si012.fcc40.stskai.com.apk,712si012.fcc40.stskai.com,,ok,0.0,0.0,18.0,37.7
712us001.aynfz.stskai.com,rac.prmolxjaarhxx.ojobehrkgahrgyetxe,qjvBEr,80,65,2026-07-27 02:09,2026-07-27 02:09,6,0,false,/home/ninini/Agents/APK-Research/new_samples/712us001.aynfz.stskai.com.apk,712us001.aynfz.stskai.com,,ok,0.0,0.0,19.9,37.7
712us002.zwbcv.stskai.com,ixm.buynimxexsggx.vyayvqhokiwhkyufar,ROSIhV,80,65,2026-07-27 02:10,2026-07-27 02:10,6,0,false,/home/ninini/Agents/APK-Research/new_samples/712us002.zwbcv.stskai.com.apk,712us002.zwbcv.stskai.com,,ok,0.0,0.0,17.9,37.8
712us003.aqngx.stskai.com,eic.qccmynmsutghl.tdbqxomjyxqgnmfsxy,CONNtt,80,65,2026-07-27 02:12,2026-07-27 02:12,6,0,false,/home/ninini/Agents/APK-Research/new_samples/712us003.aqngx.stskai.com.apk,712us003.aqngx.stskai.com,,ok,0.0,0.0,20.0,35.9
712xu005.bej88.stskai.com,kyq.wbrqpbaogbcub.agmaxlsgpvdtrmqwfj,WcKBQO,80,65,2026-07-27 02:13,2026-07-27 02:13,6,0,false,/home/ninini/Agents/APK-Research/new_samples/712xu005.bej88.stskai.com.apk,712xu005.bej88.stskai.com,,ok,0.0,0.0,17.7,37.9
712xu009.yeh90.stskai.com,kyq.wbrqpbaogbcub.agmaxlsgpvdtrmqwfj,WcKBQO,80,65,2026-07-27 02:14,2026-07-27 02:14,5,0,false,/home/ninini/Agents/APK-Research/new_samples/712xu009.yeh90.stskai.com.apk,712xu009.yeh90.stskai.com,,ok,0.0,0.0,20.0,36.0
712xu012.pym55.stskai.com,fgv.refxjutndigpa.jfgqqwettyncpvqdmf,pBiCxJ,80,65,2026-07-27 02:16,2026-07-27 02:16,7,0,false,/home/ninini/Agents/APK-Research/new_samples/712xu012.pym55.stskai.com.apk,712xu012.pym55.stskai.com,,ok,0.0,0.0,18.2,37.8
712yj052.qrt60.stskai.com,fgv.refxjutndigpa.jfgqqwettyncpvqdmf,pBiCxJ,80,65,2026-07-27 02:17,2026-07-27 02:17,7,0,false,/home/ninini/Agents/APK-Research/new_samples/712yj052.qrt60.stskai.com.apk,712yj052.qrt60.stskai.com,,ok,0.0,0.0,18.0,37.9
712zok01.ees25.stskai.com,kec.nkkggptxjrbrg.jvhgjnxiqtsldfbrvh,boahNj,80,65,2026-07-27 02:18,2026-07-27 02:18,7,0,false,/home/ninini/Agents/APK-Research/new_samples/712zok01.ees25.stskai.com.apk,712zok01.ees25.stskai.com,,ok,0.0,0.0,20.0,38.1
712zok02.jjd94.stskai.com,jri.lnjuaqbbjubvg.ccieciwvfdfvunenyx,woEAZo,80,65,2026-07-27 02:20,2026-07-27 02:20,5,0,false,/home/ninini/Agents/APK-Research/new_samples/712zok02.jjd94.stskai.com.apk,712zok02.jjd94.stskai.com,,ok,0.0,0.0,17.9,37.8
712zok04.xcw87.stskai.com,cdm.avmpwgywbftsk.qmpuvhbrnnmxwnkanc,oWWbzv,80,65,2026-07-27 02:21,2026-07-27 02:21,6,0,false,/home/ninini/Agents/APK-Research/new_samples/712zok04.xcw87.stskai.com.apk,712zok04.xcw87.stskai.com,,ok,0.0,0.0,19.9,35.9
712zok05.zwp41.stskai.com,llu.lnxrhpevwtctt.xebqkbldkeabfyeuue,EOnRtL,80,65,2026-07-27 02:22,2026-07-27 02:22,6,0,false,/home/ninini/Agents/APK-Research/new_samples/712zok05.zwp41.stskai.com.apk,712zok05.zwp41.stskai.com,,ok,0.0,0.0,17.9,37.6
712zok06.zbw57.stskai.com,llu.lnxrhpevwtctt.xebqkbldkeabfyeuue,EOnRtL,80,65,2026-07-27 02:23,2026-07-27 02:23,5,0,false,/home/ninini/Agents/APK-Research/new_samples/712zok06.zbw57.stskai.com.apk,712zok06.zbw57.stskai.com,,ok,0.0,0.0,18.0,37.7
712zok09.mnr89.stskai.com,tsu.awtmxmbcfaciq.hajclaohpvjanxsbrv,DXsCIX,80,65,2026-07-27 02:25,2026-07-27 02:25,6,0,false,/home/ninini/Agents/APK-Research/new_samples/712zok09.mnr89.stskai.com.apk,712zok09.mnr89.stskai.com,,ok,0.0,0.0,20.0,37.8
712zok10.urj44.stskai.com,tsu.awtmxmbcfaciq.hajclaohpvjanxsbrv,DXsCIX,80,65,2026-07-27 02:26,2026-07-27 02:26,6,0,false,/home/ninini/Agents/APK-Research/new_samples/712zok10.urj44.stskai.com.apk,712zok10.urj44.stskai.com,,ok,0.0,0.0,18.0,37.9
712zok12.bkb43.stskai.com,dna.ryemsfbrxwjgi.xjqdwxuserjtbondph,gEWYQU,80,65,2026-07-27 02:27,2026-07-27 02:27,6,0,false,/home/ninini/Agents/APK-Research/new_samples/712zok12.bkb43.stskai.com.apk,712zok12.bkb43.stskai.com,,ok,0.0,0.0,20.1,35.9
712zok14.biy61.stskai.com,dui.yqdcasrafjlaq.ykittbvbkbstmxgxxj,nGlPTj,80,65,2026-07-27 02:29,2026-07-27 02:29,5,0,false,/home/ninini/Agents/APK-Research/new_samples/712zok14.biy61.stskai.com.apk,712zok14.biy61.stskai.com,,ok,0.0,0.0,18.1,37.9
712zok16.ako93.stskai.com,dna.ryemsfbrxwjgi.xjqdwxuserjtbondph,gEWYQU,80,65,2026-07-27 02:30,2026-07-27 02:30,5,0,false,/home/ninini/Agents/APK-Research/new_samples/712zok16.ako93.stskai.com.apk,712zok16.ako93.stskai.com,,ok,0.0,0.0,18.1,37.7
712zok19.hoo71.stskai.com,dff.dhorgevmmxujw.muxogdxccxmaofbuwb,ZCxlXX,80,65,2026-07-27 02:31,2026-07-27 02:31,6,0,false,/home/ninini/Agents/APK-Research/new_samples/712zok19.hoo71.stskai.com.apk,712zok19.hoo71.stskai.com,,ok,0.0,0.0,20.4,35.6
713dong01.nvl73.qqvvx.com,dff.dhorgevmmxujw.muxogdxccxmaofbuwb,ZCxlXX,80,65,2026-07-27 02:33,2026-07-27 02:33,4,0,false,/home/ninini/Agents/APK-Research/new_samples/713dong01.nvl73.qqvvx.com.apk,713dong01.nvl73.qqvvx.com,,ok,0.0,0.0,17.9,38.0
713dong33.ozd80.qqvvx.com,vcm.rniknodxodgrr.bksbeqpbirthgdmqtn,eSDnCU,80,65,2026-07-27 02:34,2026-07-27 02:34,5,0,false,/home/ninini/Agents/APK-Research/new_samples/713dong33.ozd80.qqvvx.com.apk,713dong33.ozd80.qqvvx.com,,ok,0.0,0.0,20.0,35.6
713dong36.pff43.qqvvx.com,vcm.rniknodxodgrr.bksbeqpbirthgdmqtn,eSDnCU,80,65,2026-07-27 02:35,2026-07-27 02:35,7,0,false,/home/ninini/Agents/APK-Research/new_samples/713dong36.pff43.qqvvx.com.apk,713dong36.pff43.qqvvx.com,,ok,0.0,0.0,17.9,37.8
713dong46.dxq70.qqvvx.com,tkd.atyecktkeqfjh.cimqmbrwlxejlleubn,OpIuXo,80,65,2026-07-27 02:37,2026-07-27 02:37,7,0,false,/home/ninini/Agents/APK-Research/new_samples/713dong46.dxq70.qqvvx.com.apk,713dong46.dxq70.qqvvx.com,,ok,0.0,0.0,18.2,37.9
713xiao38.vnrmc.qqvvx.com,paj.btsdhchgffsfd.vtsjwgsmyjnrgvpfct,RWezJm,80,65,2026-07-27 02:38,2026-07-27 02:38,8,0,false,/home/ninini/Agents/APK-Research/new_samples/713xiao38.vnrmc.qqvvx.com.apk,713xiao38.vnrmc.qqvvx.com,,ok,0.0,0.0,20.3,35.9
714hu102.wez84.rylvib.com,sng.oqcyocfjbfvmc.sovxyvciqrypoammdo,mGTRBN,80,65,2026-07-27 02:39,2026-07-27 02:39,7,0,false,/home/ninini/Agents/APK-Research/new_samples/714hu102.wez84.rylvib.com.apk,714hu102.wez84.rylvib.com,,ok,0.0,0.0,17.9,37.9
714si015.bkc39.rylvib.com,rnv.ujsmgrsahpkav.yvrjvhuajbijgsrdqj,hLQfiN,80,65,2026-07-27 02:41,2026-07-27 02:41,6,0,false,/home/ninini/Agents/APK-Research/new_samples/714si015.bkc39.rylvib.com.apk,714si015.bkc39.rylvib.com,,ok,0.0,0.0,18.4,37.5
714xu001.ynq62.rylvib.com,vjp.froklscahyfwk.yrxosdnuxwdmdsfyog,ZpppKb,80,65,2026-07-27 02:42,2026-07-27 02:42,6,0,false,/home/ninini/Agents/APK-Research/new_samples/714xu001.ynq62.rylvib.com.apk,714xu001.ynq62.rylvib.com,,ok,0.0,0.0,19.9,37.6
714xu005.hiu31.rylvib.com,vjp.froklscahyfwk.yrxosdnuxwdmdsfyog,ZpppKb,80,65,2026-07-27 02:43,2026-07-27 02:43,5,0,false,/home/ninini/Agents/APK-Research/new_samples/714xu005.hiu31.rylvib.com.apk,714xu005.hiu31.rylvib.com,,ok,0.0,0.0,17.9,37.6
714xu006.fkj25.rylvib.com,vav.ialefstjnxnmj.wnoddeffjweourcrds,DkHgdh,80,65,2026-07-27 02:45,2026-07-27 02:45,6,0,false,/home/ninini/Agents/APK-Research/new_samples/714xu006.fkj25.rylvib.com.apk,714xu006.fkj25.rylvib.com,,ok,0.0,0.0,20.6,35.6
714xu007.bxg27.rylvib.com,hxf.dafpsaagumlxf.ulhglgsffxuhjqgtyw,CHQMQr,80,65,2026-07-27 02:46,2026-07-27 02:46,6,0,false,/home/ninini/Agents/APK-Research/new_samples/714xu007.bxg27.rylvib.com.apk,714xu007.bxg27.rylvib.com,,ok,0.0,0.0,18.2,37.6
715gx001.vpqvh.nlvbhw.com,ybd.kgxtqahjvjwcs.ymucfinoqerjamaidd,ZBrefk,80,65,2026-07-27 02:47,2026-07-27 02:47,5,0,false,/home/ninini/Agents/APK-Research/new_samples/715gx001.vpqvh.nlvbhw.com.apk,715gx001.vpqvh.nlvbhw.com,,ok,0.0,0.0,18.0,37.6
715hu105.pgb26.nlvbhw.com,yfg.svvnnbqjynsrg.njouwjvswmutekjnwu,NudWZu,80,65,2026-07-27 02:49,2026-07-27 02:49,8,0,false,/home/ninini/Agents/APK-Research/new_samples/715hu105.pgb26.nlvbhw.com.apk,715hu105.pgb26.nlvbhw.com,,ok,0.0,0.0,20.0,37.6
715hu107.muk40.nlvbhw.com,yfg.svvnnbqjynsrg.njouwjvswmutekjnwu,NudWZu,80,65,2026-07-27 02:50,2026-07-27 02:50,7,0,false,/home/ninini/Agents/APK-Research/new_samples/715hu107.muk40.nlvbhw.com.apk,715hu107.muk40.nlvbhw.com,,ok,0.0,0.0,18.2,38.0
715hu108.ifh88.nlvbhw.com,fqu.evvbdehlcjykw.hqtdxunmxdfvfueenq,ndlcCV,80,65,2026-07-27 02:51,2026-07-27 02:51,8,0,false,/home/ninini/Agents/APK-Research/new_samples/715hu108.ifh88.nlvbhw.com.apk,715hu108.ifh88.nlvbhw.com,,ok,0.0,0.0,18.2,38.0
715hu110.esz58.nlvbhw.com,mmn.dxrbkvtjwgjhr.cqwfsfgunslsibcivg,MaNABh,80,65,2026-07-27 02:53,2026-07-27 02:53,6,0,false,/home/ninini/Agents/APK-Research/new_samples/715hu110.esz58.nlvbhw.com.apk,715hu110.esz58.nlvbhw.com,,ok,0.0,0.0,20.4,38.1
715hu113.neg88.nlvbhw.com,mmn.dxrbkvtjwgjhr.cqwfsfgunslsibcivg,MaNABh,80,65,2026-07-27 02:54,2026-07-27 02:54,6,0,false,/home/ninini/Agents/APK-Research/new_samples/715hu113.neg88.nlvbhw.com.apk,715hu113.neg88.nlvbhw.com,,ok,0.0,0.0,17.8,37.8
715hu115.xdo11.nlvbhw.com,pth.qbglykiryinar.gkwfgxjbfoejwbelgs,BrZZBO,80,65,2026-07-27 02:55,2026-07-27 02:55,6,0,false,/home/ninini/Agents/APK-Research/new_samples/715hu115.xdo11.nlvbhw.com.apk,715hu115.xdo11.nlvbhw.com,,ok,0.0,0.0,20.0,35.6
715hu120.dsc55.nlvbhw.com,xfi.cqnfnuajyrrfb.hssqxgmgnnlrltvtfj,znjVRh,80,65,2026-07-27 02:57,2026-07-27 02:57,6,0,false,/home/ninini/Agents/APK-Research/new_samples/715hu120.dsc55.nlvbhw.com.apk,715hu120.dsc55.nlvbhw.com,,ok,0.0,0.0,18.1,37.7
715hu123.bsw45.nlvbhw.com,xfi.cqnfnuajyrrfb.hssqxgmgnnlrltvtfj,znjVRh,80,65,2026-07-27 02:58,2026-07-27 02:58,6,0,false,/home/ninini/Agents/APK-Research/new_samples/715hu123.bsw45.nlvbhw.com.apk,715hu123.bsw45.nlvbhw.com,,ok,0.0,0.0,17.9,37.8
715hu124.jta33.nlvbhw.com,jtx.qylqxjarbdvtp.mwhiwfgocggjcrndda,wWqqfr,80,65,2026-07-27 02:59,2026-07-27 02:59,6,0,false,/home/ninini/Agents/APK-Research/new_samples/715hu124.jta33.nlvbhw.com.apk,715hu124.jta33.nlvbhw.com,,ok,0.0,0.0,20.0,35.9
715hu125.jfe14.nlvbhw.com,nwl.nurwvbxsahmax.qubvftnrvuowgljwyf,luYYSd,80,65,2026-07-27 03:01,2026-07-27 03:01,5,0,false,/home/ninini/Agents/APK-Research/new_samples/715hu125.jfe14.nlvbhw.com.apk,715hu125.jfe14.nlvbhw.com,,ok,0.0,0.0,18.0,37.8
715hua04.pifmt.nlvbhw.com,dkr.qafneiocotjwa.axlriqycpfrtwcrpkr,TEBTyO,80,65,2026-07-27 03:02,2026-07-27 03:02,6,0,false,/home/ninini/Agents/APK-Research/new_samples/715hua04.pifmt.nlvbhw.com.apk,715hua04.pifmt.nlvbhw.com,,ok,0.0,0.0,18.0,37.7
715hua07.lbcgl.nlvbhw.com,tdv.siawfkmtfrgyo.eunxcaqwangycwjutw,rtEFiY,80,65,2026-07-27 03:03,2026-07-27 03:03,6,0,false,/home/ninini/Agents/APK-Research/new_samples/715hua07.lbcgl.nlvbhw.com.apk,715hua07.lbcgl.nlvbhw.com,,ok,0.0,0.0,20.3,37.8
715si001.mhval.nlvbhw.com,tdv.siawfkmtfrgyo.eunxcaqwangycwjutw,rtEFiY,80,65,2026-07-27 03:05,2026-07-27 03:05,6,0,false,/home/ninini/Agents/APK-Research/new_samples/715si001.mhval.nlvbhw.com.apk,715si001.mhval.nlvbhw.com,,ok,0.0,0.0,18.2,37.7
715si016.dvdom.nlvbhw.com,tdv.siawfkmtfrgyo.eunxcaqwangycwjutw,rtEFiY,80,65,2026-07-27 03:06,2026-07-27 03:06,6,0,false,/home/ninini/Agents/APK-Research/new_samples/715si016.dvdom.nlvbhw.com.apk,715si016.dvdom.nlvbhw.com,,ok,0.0,0.0,18.3,37.7
715xiao16.qhtek.nlvbhw.com,tdv.siawfkmtfrgyo.eunxcaqwangycwjutw,rtEFiY,80,65,2026-07-27 03:07,2026-07-27 03:07,6,0,false,/home/ninini/Agents/APK-Research/new_samples/715xiao16.qhtek.nlvbhw.com.apk,715xiao16.qhtek.nlvbhw.com,,ok,0.0,0.0,19.9,37.9
715xu013.fqs29.nlvbhw.com,njh.gkceoeyhfqgnb.lxalbfuksonpkcgwkj,NDXrQJ,80,65,2026-07-27 03:09,2026-07-27 03:09,6,0,false,/home/ninini/Agents/APK-Research/new_samples/715xu013.fqs29.nlvbhw.com.apk,715xu013.fqs29.nlvbhw.com,,ok,0.0,0.0,18.0,37.7
715xu014.vrf87.nlvbhw.com,ykg.hadenmcjdbymi.beyugfkfsledawitdl,WHvVTA,80,65,2026-07-27 03:10,2026-07-27 03:10,6,0,false,/home/ninini/Agents/APK-Research/new_samples/715xu014.vrf87.nlvbhw.com.apk,715xu014.vrf87.nlvbhw.com,,ok,0.0,0.0,20.2,35.7
715xu021.szr13.nlvbhw.com,njh.gkceoeyhfqgnb.lxalbfuksonpkcgwkj,NDXrQJ,80,65,2026-07-27 03:11,2026-07-27 03:11,7,0,false,/home/ninini/Agents/APK-Research/new_samples/715xu021.szr13.nlvbhw.com.apk,715xu021.szr13.nlvbhw.com,,ok,0.0,0.0,18.1,37.9
715yj050.okl36.nlvbhw.com,hqf.dyqgkmhtegowj.ytcuyohikpeitovwgq,DfihAG,80,65,2026-07-27 03:13,2026-07-27 03:13,6,0,false,/home/ninini/Agents/APK-Research/new_samples/715yj050.okl36.nlvbhw.com.apk,715yj050.okl36.nlvbhw.com,,ok,0.0,0.0,18.1,37.7
715zok02.lsq85.nlvbhw.com,cus.switcvdlxormq.fstewyhindiknqqsfu,vuFqrt,80,65,2026-07-27 03:14,2026-07-27 03:14,7,0,false,/home/ninini/Agents/APK-Research/new_samples/715zok02.lsq85.nlvbhw.com.apk,715zok02.lsq85.nlvbhw.com,,ok,0.0,0.0,20.1,35.7
715zok03.vpv87.nlvbhw.com,cus.switcvdlxormq.fstewyhindiknqqsfu,vuFqrt,80,65,2026-07-27 03:15,2026-07-27 03:15,8,0,false,/home/ninini/Agents/APK-Research/new_samples/715zok03.vpv87.nlvbhw.com.apk,715zok03.vpv87.nlvbhw.com,,ok,0.0,0.0,18.2,37.8
715zok05.vcs45.nlvbhw.com,dnh.blndpyeuatwog.skmuakjxtvuaynxnub,eosWkx,80,65,2026-07-27 03:17,2026-07-27 03:17,8,0,false,/home/ninini/Agents/APK-Research/new_samples/715zok05.vcs45.nlvbhw.com.apk,715zok05.vcs45.nlvbhw.com,,ok,0.0,0.0,17.9,37.9
718dong36.mid20.fnpyvc.cn,oeg.aemihjwxvgunp.dcrqpganxstffspucq,fQESno,80,65,2026-07-27 03:18,2026-07-27 03:18,7,0,false,/home/ninini/Agents/APK-Research/new_samples/718dong36.mid20.fnpyvc.cn.apk,718dong36.mid20.fnpyvc.cn,,ok,0.0,0.0,20.1,35.7
718dt100.jsh88.cxjzmj.com,com.gkvevqdodluic.hssmeqtyifaxekukxqt,XwzFMs,80,63,2026-07-27 03:19,2026-07-27 03:19,8,0,false,/home/ninini/Agents/APK-Research/new_samples/718dt100.jsh88.cxjzmj.com.apk,718dt100.jsh88.cxjzmj.com,,ok,0.0,0.0,17.8,37.9
718hua15.vow62.bxgsnj.com,hmt.bmnkclevynmjr.jerxanedqdubrhhimf,MjrJnw,80,65,2026-07-27 03:21,2026-07-27 03:21,6,0,false,/home/ninini/Agents/APK-Research/new_samples/718hua15.vow62.bxgsnj.com.apk,718hua15.vow62.bxgsnj.com,,ok,0.0,0.0,18.2,37.7
718si039.vrt24.bxgsnj.com,pqg.tyhngnvuhesnl.xnjqfqnjqdywiqotuh,emiBsp,80,65,2026-07-27 03:22,2026-07-27 03:22,7,0,false,/home/ninini/Agents/APK-Research/new_samples/718si039.vrt24.bxgsnj.com.apk,718si039.vrt24.bxgsnj.com,,ok,0.0,0.0,20.2,35.8
718xiao27.kqh19.fnpyvc.cn,rsg.ppcrnekcffgvp.qwbgimtgbxkwkigqic,QfZMcg,80,65,2026-07-27 03:23,2026-07-27 03:23,6,0,false,/home/ninini/Agents/APK-Research/new_samples/718xiao27.kqh19.fnpyvc.cn.apk,718xiao27.kqh19.fnpyvc.cn,,ok,0.0,0.0,18.3,37.8
719dong05.ctk88.hgzvpx.cn,uoc.dahmfgiuyough.ntmyisthcmkopsxbal,pfdQVg,80,65,2026-07-27 03:25,2026-07-27 03:25,8,0,false,/home/ninini/Agents/APK-Research/new_samples/719dong05.ctk88.hgzvpx.cn.apk,719dong05.ctk88.hgzvpx.cn,,ok,0.0,0.0,17.9,37.6
719dong08.pzk30.hgzvpx.cn,nds.djcomvletfdmj.mvwbrpvgerobbohvbo,TbVrQN,80,65,2026-07-27 03:26,2026-07-27 03:26,6,0,false,/home/ninini/Agents/APK-Research/new_samples/719dong08.pzk30.hgzvpx.cn.apk,719dong08.pzk30.hgzvpx.cn,,ok,0.0,0.0,19.9,36.0
719dong12.okn73.hgzvpx.cn,sfs.ixcrgthhjevkh.enwgblnhdftspntibc,lTOOxV,80,65,2026-07-27 03:27,2026-07-27 03:27,5,0,false,/home/ninini/Agents/APK-Research/new_samples/719dong12.okn73.hgzvpx.cn.apk,719dong12.okn73.hgzvpx.cn,,ok,0.0,0.0,18.2,37.7
719dong21.dza28.hgzvpx.cn,fcb.wdurkyixfmshq.ciwsalkcvvjbasknli,DRhKlo,80,65,2026-07-27 03:29,2026-07-27 03:29,5,0,false,/home/ninini/Agents/APK-Research/new_samples/719dong21.dza28.hgzvpx.cn.apk,719dong21.dza28.hgzvpx.cn,,ok,0.0,0.0,17.9,37.7
719xiao05.qaj94.hgzvpx.cn,sfs.ixcrgthhjevkh.enwgblnhdftspntibc,lTOOxV,80,65,2026-07-27 03:30,2026-07-27 03:30,8,0,false,/home/ninini/Agents/APK-Research/new_samples/719xiao05.qaj94.hgzvpx.cn.apk,719xiao05.qaj94.hgzvpx.cn,,ok,0.0,0.0,20.2,37.6
720dong04.vve93.tepehd.cn,sfs.ixcrgthhjevkh.enwgblnhdftspntibc,lTOOxV,80,65,2026-07-27 03:31,2026-07-27 03:31,6,0,false,/home/ninini/Agents/APK-Research/new_samples/720dong04.vve93.tepehd.cn.apk,720dong04.vve93.tepehd.cn,,ok,0.0,0.0,17.9,37.8
720dong12.ess46.tepehd.cn,vis.sntmwgiyelcem.vbmeidhxwsgeiatqke,DuNlwB,80,65,2026-07-27 03:33,2026-07-27 03:33,5,0,false,/home/ninini/Agents/APK-Research/new_samples/720dong12.ess46.tepehd.cn.apk,720dong12.ess46.tepehd.cn,,ok,0.0,0.0,18.0,37.8
720dong23.pwj61.tepehd.cn,kis.fgqraduwnrrjk.bnkkgsmtvhkpsqswft,MGKqIx,80,65,2026-07-27 03:34,2026-07-27 03:34,5,0,false,/home/ninini/Agents/APK-Research/new_samples/720dong23.pwj61.tepehd.cn.apk,720dong23.pwj61.tepehd.cn,,ok,0.0,0.0,19.9,37.8
720dong42.zeghz.tepehd.cn,rdp.qthsqkvcfbwtg.srqqrytgfhdreddodp,UMCCoy,80,65,2026-07-27 03:35,2026-07-27 03:35,6,0,false,/home/ninini/Agents/APK-Research/new_samples/720dong42.zeghz.tepehd.cn.apk,720dong42.zeghz.tepehd.cn,,ok,0.0,0.0,18.1,38.2
720xiao14.bzh16.tepehd.cn,rdp.qthsqkvcfbwtg.srqqrytgfhdreddodp,UMCCoy,80,65,2026-07-27 03:37,2026-07-27 03:37,5,0,false,/home/ninini/Agents/APK-Research/new_samples/720xiao14.bzh16.tepehd.cn.apk,720xiao14.bzh16.tepehd.cn,,ok,0.0,0.0,17.9,37.8
722dong20.scz39.crflvc.cn,rdp.qthsqkvcfbwtg.srqqrytgfhdreddodp,UMCCoy,80,65,2026-07-27 03:38,2026-07-27 03:38,6,0,false,/home/ninini/Agents/APK-Research/new_samples/722dong20.scz39.crflvc.cn.apk,722dong20.scz39.crflvc.cn,,ok,0.0,0.0,20.1,37.6
722xiao03.srm49.crflvc.cn,miw.jeoxinufbyovu.fyoscnkderfgfaorob,SAQTQz,80,65,2026-07-27 03:39,2026-07-27 03:39,7,0,false,/home/ninini/Agents/APK-Research/new_samples/722xiao03.srm49.crflvc.cn.apk,722xiao03.srm49.crflvc.cn,,ok,0.0,0.0,17.8,38.0
722xiao17.ont54.crflvc.cn,miw.jeoxinufbyovu.fyoscnkderfgfaorob,SAQTQz,80,65,2026-07-27 03:41,2026-07-27 03:41,6,0,false,/home/ninini/Agents/APK-Research/new_samples/722xiao17.ont54.crflvc.cn.apk,722xiao17.ont54.crflvc.cn,,ok,0.0,0.0,17.9,37.5
710tb67.ukwji.gpzycm.com,hjo.ndjrfgosjptpv.ypqoggmsuprfdkphrw,CwOfOF,80,65,2026-07-27 03:42,2026-07-27 03:42,5,0,false,/home/ninini/Agents/APK-Research/new_samples/710tb67.ukwji.gpzycm.com.apk,710tb67.ukwji.gpzycm.com,,ok,0.0,0.0,20.2,37.8
711tb62.tex58.fqstyj.com,xev.hsyfhqoyoqeft.cebgjnhkooynfabbaf,YtzLrK,80,65,2026-07-27 03:44,2026-07-27 03:44,6,0,false,/home/ninini/Agents/APK-Research/new_samples/711tb62.tex58.fqstyj.com.apk,711tb62.tex58.fqstyj.com,,ok,0.0,0.0,17.8,37.6
713dong13.dfa95.qqvvx.com,dvv.nuiqyyvdtetsc.mjplcesvcmoicqqceo,MQJkyc,80,65,2026-07-27 03:45,2026-07-27 03:45,4,0,false,/home/ninini/Agents/APK-Research/new_samples/713dong13.dfa95.qqvvx.com.apk,713dong13.dfa95.qqvvx.com,,ok,0.0,0.0,18.2,37.7
713hu115.kka98.qqvvx.com,xmx.pllkqyiorjsgd.ltenalnprqmiaqiiqw,BjOltW,80,65,2026-07-27 03:46,2026-07-27 03:46,6,0,false,/home/ninini/Agents/APK-Research/new_samples/713hu115.kka98.qqvvx.com.apk,713hu115.kka98.qqvvx.com,,ok,0.0,0.0,20.0,35.7
713hu127.lop16.qqvvx.com,wtx.adwgcmbslshfn.oootxstwipatwpewui,ICVBgo,80,65,2026-07-27 03:48,2026-07-27 03:48,7,0,false,/home/ninini/Agents/APK-Research/new_samples/713hu127.lop16.qqvvx.com.apk,713hu127.lop16.qqvvx.com,,ok,0.0,0.0,17.7,38.0
713hua04.aleta.qqvvx.com,dpf.twmrdwkvkeauv.pfdvgchmaccjlqpqcd,VjpWIj,80,65,2026-07-27 03:49,2026-07-27 03:49,7,0,false,/home/ninini/Agents/APK-Research/new_samples/713hua04.aleta.qqvvx.com.apk,713hua04.aleta.qqvvx.com,,ok,0.0,0.0,18.3,37.7
713hua09.cupjv.qqvvx.com,cme.pohlgsyhqnolp.iygtkvswlngwkkwtge,FcYgUt,80,65,2026-07-27 03:50,2026-07-27 03:50,6,0,false,/home/ninini/Agents/APK-Research/new_samples/713hua09.cupjv.qqvvx.com.apk,713hua09.cupjv.qqvvx.com,,ok,0.0,0.0,20.0,35.5
713hua22.fbtym.qqvvx.com,cme.pohlgsyhqnolp.iygtkvswlngwkkwtge,FcYgUt,80,65,2026-07-27 03:52,2026-07-27 03:52,6,0,false,/home/ninini/Agents/APK-Research/new_samples/713hua22.fbtym.qqvvx.com.apk,713hua22.fbtym.qqvvx.com,,ok,0.0,0.0,18.0,37.7
713sgl01.cjjcv.qqvvx.com,dff.iyiynmdhyrmdo.glvlxuusrbcdjgjelx,PuBBLZ,80,65,2026-07-27 03:53,2026-07-27 03:53,6,0,false,/home/ninini/Agents/APK-Research/new_samples/713sgl01.cjjcv.qqvvx.com.apk,713sgl01.cjjcv.qqvvx.com,,ok,0.0,0.0,18.0,37.7
713si001.nrjum.qqvvx.com,mvo.rquekkjhwffyc.tpagpeakbjycrhpjmh,MPCxLc,80,65,2026-07-27 03:54,2026-07-27 03:54,6,0,false,/home/ninini/Agents/APK-Research/new_samples/713si001.nrjum.qqvvx.com.apk,713si001.nrjum.qqvvx.com,,ok,0.0,0.0,20.1,35.5
713us004.kcadi.qqvvx.com,msm.axiytaatjknlg.tmxdlsntrtunsjruis,KXMlyP,80,65,2026-07-27 03:56,2026-07-27 03:56,9,0,false,/home/ninini/Agents/APK-Research/new_samples/713us004.kcadi.qqvvx.com.apk,713us004.kcadi.qqvvx.com,,ok,0.0,0.0,18.0,37.5
713us005.pmkrk.qqvvx.com,msm.axiytaatjknlg.tmxdlsntrtunsjruis,KXMlyP,80,65,2026-07-27 03:57,2026-07-27 03:57,8,0,false,/home/ninini/Agents/APK-Research/new_samples/713us005.pmkrk.qqvvx.com.apk,713us005.pmkrk.qqvvx.com,,ok,0.0,0.0,17.9,37.6
714tb70.nhp89.rylvib.com,thw.sbfkuoadcuqmu.dubllkuhhsopgvpcpd,rZKFcP,80,65,2026-07-27 03:58,2026-07-27 03:58,6,0,false,/home/ninini/Agents/APK-Research/new_samples/714tb70.nhp89.rylvib.com.apk,714tb70.nhp89.rylvib.com,,ok,0.0,0.0,20.2,35.6
715tb61.jydda.nlvbhw.com,mls.mrvxrknyuovyr.rddhtdgwilohgfaokl,dDoTOr,80,65,2026-07-27 04:00,2026-07-27 04:00,6,0,false,/home/ninini/Agents/APK-Research/new_samples/715tb61.jydda.nlvbhw.com.apk,715tb61.jydda.nlvbhw.com,,ok,0.0,0.0,18.0,38.1
715tb71.xofmu.nlvbhw.com,bbj.pnwvrjqfcsryp.flleldwqypkcgyslbh,eIWrzd,80,65,2026-07-27 04:01,2026-07-27 04:01,6,0,false,/home/ninini/Agents/APK-Research/new_samples/715tb71.xofmu.nlvbhw.com.apk,715tb71.xofmu.nlvbhw.com,,ok,0.0,0.0,17.9,37.8
715cpc04.ers5c.com,oyy.cvwhvdyffdjrjof.hsxefmrqkwtvues,bpBtWE,80,66,2026-07-27 04:03,2026-07-27 04:03,9,0,false,/home/ninini/Agents/APK-Research/new_samples/715cpc04.ers5c.com.apk,715cpc04.ers5c.com,https://715cpc04.ers5c.com/,ok,7.1,0.4,21.1,38.8
711cpc23.caa63.com,jcd.usmuguijhgigpdx.tbwgawxtraiexew,Ggaxwt,80,66,2026-07-27 04:04,2026-07-27 04:04,8,0,false,/home/ninini/Agents/APK-Research/new_samples/711cpc23.caa63.com.apk,711cpc23.caa63.com,https://711cpc23.caa63.com/,ok,5.1,0.4,23.0,36.3
716hu110.pmx25.unlgqb.com,pjw.gedoxiftxcmlr.wavyxfkureasifcycb,unpDZl,80,65,2026-07-27 04:05,2026-07-27 04:05,6,0,false,/home/ninini/Agents/APK-Research/new_samples/716hu110.pmx25.unlgqb.com.apk,716hu110.pmx25.unlgqb.com,https://716hu110.pmx25.unlgqb.com/,ok,8.2,0.0,18.1,37.7
711cpc94.9nxd2.com,yis.owujtwjpsjfupmb.dypnkxexrcgpdbr,shOpYu,80,66,2026-07-27 04:07,2026-07-27 04:07,9,0,false,/home/ninini/Agents/APK-Research/new_samples/711cpc94.9nxd2.com.apk,711cpc94.9nxd2.com,https://711cpc94.9nxd2.com/,ok,6.7,0.4,20.8,39.1
711cpc132.ggg4f.com,yis.owujtwjpsjfupmb.dypnkxexrcgpdbr,shOpYu,80,66,2026-07-27 04:08,2026-07-27 04:08,9,0,false,/home/ninini/Agents/APK-Research/new_samples/711cpc132.ggg4f.com.apk,711cpc132.ggg4f.com,https://711cpc132.ggg4f.com/,ok,6.9,0.4,21.0,38.9
711cpc04.2q6h9.com,yis.owujtwjpsjfupmb.dypnkxexrcgpdbr,shOpYu,80,66,2026-07-27 04:10,2026-07-27 04:10,9,0,false,/home/ninini/Agents/APK-Research/new_samples/711cpc04.2q6h9.com.apk,711cpc04.2q6h9.com,https://711cpc04.2q6h9.com/,ok,6.8,0.3,21.1,39.0
711cpc88.z4j7y.com,jik.fcxucywevujgboj.jxempqcmncicegv,cyRpjR,80,66,2026-07-27 04:11,2026-07-27 04:11,10,0,false,/home/ninini/Agents/APK-Research/new_samples/711cpc88.z4j7y.com.apk,711cpc88.z4j7y.com,https://711cpc88.z4j7y.com/,ok,6.7,0.3,23.1,36.6
711cpc59.loqgw.com,qxn.mmneefpsqyskapa.cepyedgancpavou,qmkNPk,80,65,2026-07-27 04:12,2026-07-27 04:12,10,0,false,/home/ninini/Agents/APK-Research/new_samples/711cpc59.loqgw.com.apk,711cpc59.loqgw.com,https://711cpc59.loqgw.com/,ok,7.0,0.4,23.0,38.4
711cpc95.loqgw.com,qxn.mmneefpsqyskapa.cepyedgancpavou,qmkNPk,80,65,2026-07-27 04:14,2026-07-27 04:14,10,0,false,/home/ninini/Agents/APK-Research/new_samples/711cpc95.loqgw.com.apk,711cpc95.loqgw.com,https://711cpc95.loqgw.com/,ok,7.2,0.4,21.2,38.9
711cpc07.maufr.com,wdb.scvqtpfuvhwvuyy.uoesbqmqqetqtww,dtiamS,80,66,2026-07-27 04:15,2026-07-27 04:15,9,0,false,/home/ninini/Agents/APK-Research/new_samples/711cpc07.maufr.com.apk,711cpc07.maufr.com,https://711cpc07.maufr.com/,ok,7.2,0.4,21.0,38.6
721cpc05.779a2.com,wdb.scvqtpfuvhwvuyy.uoesbqmqqetqtww,dtiamS,80,66,2026-07-27 04:17,2026-07-27 04:17,10,0,false,/home/ninini/Agents/APK-Research/new_samples/721cpc05.779a2.com.apk,721cpc05.779a2.com,https://721cpc05.779a2.com/,ok,6.4,0.4,20.9,38.9
711cpc94.4h1k5.com,hbr.ktmlqciaieyuvkj.koxxjqsrjxwecda,yYYwNV,80,66,2026-07-27 04:18,2026-07-27 04:18,10,0,false,/home/ninini/Agents/APK-Research/new_samples/711cpc94.4h1k5.com.apk,711cpc94.4h1k5.com,https://711cpc94.4h1k5.com/,ok,6.4,0.4,21.0,38.9
711cpc20.sxw9m.com,hbr.ktmlqciaieyuvkj.koxxjqsrjxwecda,yYYwNV,80,66,2026-07-27 04:20,2026-07-27 04:20,8,0,false,/home/ninini/Agents/APK-Research/new_samples/711cpc20.sxw9m.com.apk,711cpc20.sxw9m.com,https://711cpc20.sxw9m.com/,ok,6.8,0.4,23.2,36.7
717cpc09.duedp.com,mdr.cvsddldegsvstji.ybkprxakqcjgpfj,XvXURL,80,66,2026-07-27 04:21,2026-07-27 04:21,9,0,false,/home/ninini/Agents/APK-Research/new_samples/717cpc09.duedp.com.apk,717cpc09.duedp.com,https://717cpc09.duedp.com/,ok,6.8,0.4,23.1,38.5
711cpc37.maufr.com,mdr.cvsddldegsvstji.ybkprxakqcjgpfj,XvXURL,80,66,2026-07-27 04:22,2026-07-27 04:22,9,0,false,/home/ninini/Agents/APK-Research/new_samples/711cpc37.maufr.com.apk,711cpc37.maufr.com,https://711cpc37.maufr.com/,ok,6.6,0.4,21.2,39.0
711cpc88.arv60.com,yhx.scbilsjmqdnkbcx.nsnmtyctswuajnd,WkxrgF,80,66,2026-07-27 04:24,2026-07-27 04:24,7,0,false,/home/ninini/Agents/APK-Research/new_samples/711cpc88.arv60.com.apk,711cpc88.arv60.com,https://711cpc88.arv60.com/,ok,6.4,0.4,20.9,39.2
717cpc10.779a2.com,xks.jtcbvydpbvcponw.uempmwlumikbpvs,VFczPC,80,66,2026-07-27 04:25,2026-07-27 04:25,7,0,false,/home/ninini/Agents/APK-Research/new_samples/717cpc10.779a2.com.apk,717cpc10.779a2.com,https://717cpc10.779a2.com/,ok,6.6,0.4,20.9,38.8
713cpc08.30aml.com,xks.jtcbvydpbvcponw.uempmwlumikbpvs,VFczPC,80,66,2026-07-27 04:27,2026-07-27 04:27,9,0,false,/home/ninini/Agents/APK-Research/new_samples/713cpc08.30aml.com.apk,713cpc08.30aml.com,https://713cpc08.30aml.com/,ok,6.8,0.4,21.0,38.6
711cpc57.u68qm.com,xks.jtcbvydpbvcponw.uempmwlumikbpvs,VFczPC,80,66,2026-07-27 04:28,2026-07-27 04:28,9,0,false,/home/ninini/Agents/APK-Research/new_samples/711cpc57.u68qm.com.apk,711cpc57.u68qm.com,https://711cpc57.u68qm.com/,ok,6.5,0.4,23.3,36.7
721cpc07.ers5c.com,oqw.mgbgbmdgrjwmeeb.svgsjiqepltnxnn,rHgITx,80,66,2026-07-27 04:30,2026-07-27 04:30,8,0,false,/home/ninini/Agents/APK-Research/new_samples/721cpc07.ers5c.com.apk,721cpc07.ers5c.com,https://721cpc07.ers5c.com/,ok,6.5,0.4,23.5,36.8
711cpc02.z4j7y.com,oqw.mgbgbmdgrjwmeeb.svgsjiqepltnxnn,rHgITx,80,66,2026-07-27 04:31,2026-07-27 04:31,10,0,false,/home/ninini/Agents/APK-Research/new_samples/711cpc02.z4j7y.com.apk,711cpc02.z4j7y.com,https://711cpc02.z4j7y.com/,ok,6.7,0.4,20.0,38.5
711cpc94.3akbx.com,oqw.mgbgbmdgrjwmeeb.svgsjiqepltnxnn,rHgITx,80,66,2026-07-27 04:32,2026-07-27 04:32,10,0,false,/home/ninini/Agents/APK-Research/new_samples/711cpc94.3akbx.com.apk,711cpc94.3akbx.com,https://711cpc94.3akbx.com/,ok,8.3,0.4,23.2,36.6
711cpc35.vjwzy.com,vtn.jdlmmukkwpqosxt.lsnbsoobhcgamjb,oICNdk,80,66,2026-07-27 04:34,2026-07-27 04:34,9,0,false,/home/ninini/Agents/APK-Research/new_samples/711cpc35.vjwzy.com.apk,711cpc35.vjwzy.com,https://711cpc35.vjwzy.com/,ok,6.6,0.4,23.0,36.9
711cpc01.2q6h9.com,sld.ryludftdtiqhmeh.inhmrdnmkbwbnvj,jKVYNC,80,66,2026-07-27 04:35,2026-07-27 04:35,9,0,false,/home/ninini/Agents/APK-Research/new_samples/711cpc01.2q6h9.com.apk,711cpc01.2q6h9.com,https://711cpc01.2q6h9.com/,ok,6.6,0.4,21.1,38.4
711cpc01.jgbzi.com,sld.ryludftdtiqhmeh.inhmrdnmkbwbnvj,jKVYNC,80,66,2026-07-27 04:37,2026-07-27 04:37,6,0,false,/home/ninini/Agents/APK-Research/new_samples/711cpc01.jgbzi.com.apk,711cpc01.jgbzi.com,https://711cpc01.jgbzi.com/,ok,6.5,0.4,20.9,38.9
711cpc46.nyq75.com,njh.hjavckucctkgmoo.kqgfrdwbkrwnmss,oDEAbu,80,66,2026-07-27 04:38,2026-07-27 04:38,9,0,false,/home/ninini/Agents/APK-Research/new_samples/711cpc46.nyq75.com.apk,711cpc46.nyq75.com,https://711cpc46.nyq75.com/,ok,4.8,0.4,20.9,38.9
711cpc94.ia2hm.com,tht.wvhwhlhjbkopmrc.uimkgevjtipfcvx,rQfkKq,80,66,2026-07-27 04:40,2026-07-27 04:40,7,0,false,/home/ninini/Agents/APK-Research/new_samples/711cpc94.ia2hm.com.apk,711cpc94.ia2hm.com,https://711cpc94.ia2hm.com/,ok,6.8,0.4,20.7,38.9
717cpc01.6m7ee.com,tht.wvhwhlhjbkopmrc.uimkgevjtipfcvx,rQfkKq,80,66,2026-07-27 04:41,2026-07-27 04:41,9,0,false,/home/ninini/Agents/APK-Research/new_samples/717cpc01.6m7ee.com.apk,717cpc01.6m7ee.com,https://717cpc01.6m7ee.com/,ok,4.1,0.4,20.9,38.7
711cpc46.p10q7.com,tgu.dnsvhpqofysoiol.fjtfmbylenveedr,mDyonB,80,66,2026-07-27 04:43,2026-07-27 04:43,8,0,false,/home/ninini/Agents/APK-Research/new_samples/711cpc46.p10q7.com.apk,711cpc46.p10q7.com,https://711cpc46.p10q7.com/,ok,4.9,0.4,23.3,36.3
711cpc01.xvheb.com,tht.wvhwhlhjbkopmrc.uimkgevjtipfcvx,rQfkKq,80,66,2026-07-27 04:44,2026-07-27 04:44,8,0,false,/home/ninini/Agents/APK-Research/new_samples/711cpc01.xvheb.com.apk,711cpc01.xvheb.com,https://711cpc01.xvheb.com/,ok,4.6,0.4,23.1,36.8
711cpc06.hvqi5.com,yvp.vpjxredejfefwae.edjmwqmghliwikb,UhLHSL,80,66,2026-07-27 04:45,2026-07-27 04:45,8,0,false,/home/ninini/Agents/APK-Research/new_samples/711cpc06.hvqi5.com.apk,711cpc06.hvqi5.com,https://711cpc06.hvqi5.com/,ok,6.6,0.4,21.1,38.7
711cpc125.7s2y7.com,kqy.renyioylufttcce.nyhuajujebmnixd,GRsluc,80,66,2026-07-27 04:47,2026-07-27 04:47,9,0,false,/home/ninini/Agents/APK-Research/new_samples/711cpc125.7s2y7.com.apk,711cpc125.7s2y7.com,https://711cpc125.7s2y7.com/,ok,7.3,0.4,20.7,38.7
711cpc36.3s7d6.com,yvp.vpjxredejfefwae.edjmwqmghliwikb,UhLHSL,80,66,2026-07-27 04:48,2026-07-27 04:48,9,0,false,/home/ninini/Agents/APK-Research/new_samples/711cpc36.3s7d6.com.apk,711cpc36.3s7d6.com,https://711cpc36.3s7d6.com/,ok,6.6,0.4,20.9,39.1
712cpb05.naekw.com,rkt.cqvthwqqaqe.nbsnhdlupowwkjyc,NsCcga,80,64,2026-07-27 04:50,2026-07-27 04:50,9,0,false,/home/ninini/Agents/APK-Research/new_samples/712cpb05.naekw.com.apk,712cpb05.naekw.com,https://712cpb05.naekw.com/,ok,4.1,0.0,17.9,37.9
71du022.68hcn.com,nwq.trpijvmbnjt.dersspffcarjndkc,CFozhq,80,63,2026-07-27 04:51,2026-07-27 04:51,8,0,false,/home/ninini/Agents/APK-Research/new_samples/71du022.68hcn.com.apk,71du022.68hcn.com,https://71du022.68hcn.com/,ok,6.8,0.0,20.0,36.0
71du022.ubniq.com,wto.dgmoypqxgpm.honhcvdieupfngpy,KFUPgK,80,63,2026-07-27 04:53,2026-07-27 04:53,9,0,false,/home/ninini/Agents/APK-Research/new_samples/71du022.ubniq.com.apk,71du022.ubniq.com,https://71du022.ubniq.com/,ok,4.3,0.0,20.0,38.0
721sl244.jjzd8.com,uey.jgliesieoot.frhhyivftbkwcssn,NSmKyB,80,63,2026-07-27 04:54,2026-07-27 04:54,9,0,false,/home/ninini/Agents/APK-Research/new_samples/721sl244.jjzd8.com.apk,721sl244.jjzd8.com,https://721sl244.jjzd8.com/,ok,6.5,0.0,18.0,37.7
711cpc17.30aml.com,xcw.jarceydbndoxaac.eowshlxduuplnxn,DirpCb,80,66,2026-07-27 04:55,2026-07-27 04:55,6,0,false,/home/ninini/Agents/APK-Research/new_samples/711cpc17.30aml.com.apk,711cpc17.30aml.com,https://711cpc17.30aml.com/,ok,6.4,0.4,21.1,38.6
71du009.lrvhk.com,uey.jgliesieoot.frhhyivftbkwcssn,NSmKyB,80,63,2026-07-27 04:57,2026-07-27 04:57,9,0,false,/home/ninini/Agents/APK-Research/new_samples/71du009.lrvhk.com.apk,71du009.lrvhk.com,https://71du009.lrvhk.com/,ok,6.7,0.0,17.9,37.8
721c12.acj4b.com,qie.lnnsrhesuktsli.atbloldqvrjlqk,qOJlDm,80,63,2026-07-27 04:58,2026-07-27 04:58,9,0,false,/home/ninini/Agents/APK-Research/new_samples/721c12.acj4b.com.apk,721c12.acj4b.com,https://721c12.acj4b.com/,ok,6.5,0.0,20.1,35.8
712cpb06.n3tbr.com,vfc.yctcjwxntnd.chlvhduxiimtjdrx,dadMhK,80,64,2026-07-27 04:59,2026-07-27 04:59,8,0,false,/home/ninini/Agents/APK-Research/new_samples/712cpb06.n3tbr.com.apk,712cpb06.n3tbr.com,https://712cpb06.n3tbr.com/,ok,1.6,0.0,18.1,37.5
713d29.459yt.top,oqf.ylkjaxqvxpuvqe.plxkpvjudwfviv,FFGVpa,80,63,2026-07-27 05:01,2026-07-27 05:01,9,0,false,/home/ninini/Agents/APK-Research/new_samples/713d29.459yt.top.apk,713d29.459yt.top,https://713d29.459yt.top/,ok,6.6,0.0,17.9,37.9
721d14.omp18.top,dot.gqpiubumdhawai.hllipaxdmikmbw,WRftaf,80,63,2026-07-27 05:02,2026-07-27 05:02,9,0,false,/home/ninini/Agents/APK-Research/new_samples/721d14.omp18.top.apk,721d14.omp18.top,https://721d14.omp18.top/,ok,7.0,0.0,17.9,38.1
715c40.k5ecu.com,dot.gqpiubumdhawai.hllipaxdmikmbw,WRftaf,80,63,2026-07-27 05:04,2026-07-27 05:04,11,0,false,/home/ninini/Agents/APK-Research/new_samples/715c40.k5ecu.com.apk,715c40.k5ecu.com,https://715c40.k5ecu.com/,ok,7.2,0.0,20.0,35.8
721cpc05.73k5u.com,bjr.cnkyyfjscefboyj.gjimdkfxtykyqgk,obJGuC,80,66,2026-07-27 05:05,2026-07-27 05:05,9,0,false,/home/ninini/Agents/APK-Research/new_samples/721cpc05.73k5u.com.apk,721cpc05.73k5u.com,https://721cpc05.73k5u.com/,ok,6.6,0.4,21.1,38.4
711n106.m2ok6.com,ymd.guaukfrkdjp.thqcshrucwcevbds,toznYS,80,64,2026-07-27 05:07,2026-07-27 05:07,7,0,false,/home/ninini/Agents/APK-Research/new_samples/711n106.m2ok6.com.apk,711n106.m2ok6.com,https://711n106.m2ok6.com/,ok,5.5,0.0,17.8,38.1
712d19.75ll3.top,gpl.yxmkvfdcocgqkl.ffcnbncpkuvcpn,vDJrGs,80,63,2026-07-27 05:08,2026-07-27 05:08,9,0,false,/home/ninini/Agents/APK-Research/new_samples/712d19.75ll3.top.apk,712d19.75ll3.top,https://712d19.75ll3.top/,ok,7.4,0.0,17.8,37.9
715c95.k5ecu.com,wsm.kyhtoaiqfsbooi.hifywjbhlycbox,YLFdyz,80,63,2026-07-27 05:09,2026-07-27 05:09,6,0,false,/home/ninini/Agents/APK-Research/new_samples/715c95.k5ecu.com.apk,715c95.k5ecu.com,https://715c95.k5ecu.com/,ok,7.8,0.0,17.8,37.8
716cpa2.aq9tc.com,wei.kvgrxnbmfeccae.lcshooyrsjpocg,VHhNGY,80,63,2026-07-27 05:11,2026-07-27 05:11,9,0,false,/home/ninini/Agents/APK-Research/new_samples/716cpa2.aq9tc.com.apk,716cpa2.aq9tc.com,https://716cpa2.aq9tc.com/,ok,7.1,0.0,20.1,35.7
714c546.f8y40.com,wsm.kyhtoaiqfsbooi.hifywjbhlycbox,YLFdyz,80,63,2026-07-27 05:12,2026-07-27 05:12,10,0,false,/home/ninini/Agents/APK-Research/new_samples/714c546.f8y40.com.apk,714c546.f8y40.com,https://714c546.f8y40.com/,ok,7.0,0.0,17.9,37.4
718sl046.fbg07.com,qqr.xhrrhhosyum.lkebriseomsfiwjq,zYhvGR,80,63,2026-07-27 05:13,2026-07-27 05:13,7,0,false,/home/ninini/Agents/APK-Research/new_samples/718sl046.fbg07.com.apk,718sl046.fbg07.com,https://718sl046.fbg07.com/,ok,7.1,0.0,17.6,37.7
711cpc48.etw2i.com,cvo.sbvkhdofxpoqyfd.sdgoyahcepcdvjt,roPLZf,80,66,2026-07-27 05:15,2026-07-27 05:15,10,0,false,/home/ninini/Agents/APK-Research/new_samples/711cpc48.etw2i.com.apk,711cpc48.etw2i.com,https://711cpc48.etw2i.com/,ok,6.6,0.4,20.8,38.8
711d29.5chrm.top,vcl.trymnixjxkgkbb.rlqxnvvgecpisk,rJzKrx,80,63,2026-07-27 05:16,2026-07-27 05:16,7,0,false,/home/ninini/Agents/APK-Research/new_samples/711d29.5chrm.top.apk,711d29.5chrm.top,https://711d29.5chrm.top/,ok,6.9,0.0,17.9,37.6
71du008.ja47k.com,fen.gukmfofsgrn.nacadprgftmjvfjc,pNuoYZ,80,63,2026-07-27 05:18,2026-07-27 05:18,8,0,false,/home/ninini/Agents/APK-Research/new_samples/71du008.ja47k.com.apk,71du008.ja47k.com,https://71du008.ja47k.com/,ok,7.5,0.0,20.1,35.4
71du022.f1yoa.com,fen.gukmfofsgrn.nacadprgftmjvfjc,pNuoYZ,80,63,2026-07-27 05:19,2026-07-27 05:19,9,0,false,/home/ninini/Agents/APK-Research/new_samples/71du022.f1yoa.com.apk,71du022.f1yoa.com,https://71du022.f1yoa.com/,ok,5.2,0.0,17.7,37.7
711cpc01.swna1.com,rwj.clqipfbdwvtmgel.kxuhqvmnocdhalh,bRiwlF,80,66,2026-07-27 05:21,2026-07-27 05:21,9,0,false,/home/ninini/Agents/APK-Research/new_samples/711cpc01.swna1.com.apk,711cpc01.swna1.com,https://711cpc01.swna1.com/,ok,7.2,0.4,20.8,39.0
711cpc68.3zn6k.com,rwj.clqipfbdwvtmgel.kxuhqvmnocdhalh,bRiwlF,80,66,2026-07-27 05:22,2026-07-27 05:22,9,0,false,/home/ninini/Agents/APK-Research/new_samples/711cpc68.3zn6k.com.apk,711cpc68.3zn6k.com,https://711cpc68.3zn6k.com/,ok,6.8,0.4,20.9,38.9
711cpc90.l1pfb.com,rwj.clqipfbdwvtmgel.kxuhqvmnocdhalh,bRiwlF,80,66,2026-07-27 05:23,2026-07-27 05:23,7,0,false,/home/ninini/Agents/APK-Research/new_samples/711cpc90.l1pfb.com.apk,711cpc90.l1pfb.com,https://711cpc90.l1pfb.com/,ok,6.3,0.4,20.8,39.0
713cpc05.moljj.com,hkr.gsickxhfsgrcfrk.gmodjsulpvwpmmc,OKmbbv,80,66,2026-07-27 05:25,2026-07-27 05:25,8,0,false,/home/ninini/Agents/APK-Research/new_samples/713cpc05.moljj.com.apk,713cpc05.moljj.com,https://713cpc05.moljj.com/,ok,4.3,0.4,20.9,39.2
711cpa1.yt35a.com,keyps.uwplutpj.obupsjayw,DwZGgZ,80,62,2026-07-27 05:26,2026-07-27 05:26,8,0,false,/home/ninini/Agents/APK-Research/new_samples/711cpa1.yt35a.com.apk,711cpa1.yt35a.com,https://711cpa1.yt35a.com/,ok,2.5,0.0,20.1,35.8
713sl209.ge5w6.com,plb.useegiqcrcc.yiwnhokglkjtgecx,dVBMGv,80,63,2026-07-27 05:28,2026-07-27 05:28,7,0,false,/home/ninini/Agents/APK-Research/new_samples/713sl209.ge5w6.com.apk,713sl209.ge5w6.com,https://713sl209.ge5w6.com/,ok,5.3,0.0,20.3,36.5
719cpb01.mw64u.com,gwx.msiawpnaagk.wtbhnkhbveqsabcl,OBpJkR,80,64,2026-07-27 05:29,2026-07-27 05:29,7,0,false,/home/ninini/Agents/APK-Research/new_samples/719cpb01.mw64u.com.apk,719cpb01.mw64u.com,https://719cpb01.mw64u.com/,ok,4.3,0.0,18.0,38.3
710cpa3.3ymsm.com,pqw.tlnsaaruyfqt.bvwxxxxixceuuuibpx,tOeZns,80,62,2026-07-27 05:31,2026-07-27 05:31,5,0,false,/home/ninini/Agents/APK-Research/new_samples/710cpa3.3ymsm.com.apk,710cpa3.3ymsm.com,https://710cpa3.3ymsm.com/,ok,3.2,0.0,17.5,39.0
711cpb15.726pd.com,mkp.qcvfwopjvle.urgmyylxemdbmhpr,EytrXL,80,64,2026-07-27 05:32,2026-07-27 05:32,10,0,false,/home/ninini/Agents/APK-Research/new_samples/711cpb15.726pd.com.apk,711cpb15.726pd.com,https://711cpb15.726pd.com/,ok,2.2,0.0,17.8,38.0
711cpc47.loqgw.com,pjj.pivqpbfiwinvxvk.jafcdxdthspjapb,BqxdCV,80,66,2026-07-27 05:33,2026-07-27 05:33,9,0,false,/home/ninini/Agents/APK-Research/new_samples/711cpc47.loqgw.com.apk,711cpc47.loqgw.com,https://711cpc47.loqgw.com/,ok,6.5,0.4,20.8,38.8
71du022.eimg4.com,cvm.pgrvbmenfto.hlfolhmubfnclttb,jgVUwI,80,63,2026-07-27 05:35,2026-07-27 05:35,9,0,false,/home/ninini/Agents/APK-Research/new_samples/71du022.eimg4.com.apk,71du022.eimg4.com,https://71du022.eimg4.com/,ok,7.0,0.0,20.0,35.5
710b166.zn9ut.com,vwmjq.ykmhdlgq.dwdpmkfmr,qZjHzp,80,62,2026-07-27 05:36,2026-07-27 05:36,10,0,false,/home/ninini/Agents/APK-Research/new_samples/710b166.zn9ut.com.apk,710b166.zn9ut.com,https://710b166.zn9ut.com/,ok,2.4,0.0,20.0,37.8
714d191.ageaw.com,tsf.yjdxygmfhose.mhkjjrtopmrexdquxm,RUulGD,80,62,2026-07-27 05:38,2026-07-27 05:38,7,0,false,/home/ninini/Agents/APK-Research/new_samples/714d191.ageaw.com.apk,714d191.ageaw.com,https://714d191.ageaw.com/,ok,4.5,0.0,17.8,38.4
71du008.8obg5.com,msp.xgfvwdlllfm.umbobkuitapmttpc,OUgKQt,80,63,2026-07-27 05:39,2026-07-27 05:39,11,0,false,/home/ninini/Agents/APK-Research/new_samples/71du008.8obg5.com.apk,71du008.8obg5.com,https://71du008.8obg5.com/,ok,7.6,0.0,17.5,38.0
711cpa3.uz8g9.com,xxw.pxwnpgmtgfch.qutvenpakenhbaslxm,URflGT,80,62,2026-07-27 05:40,2026-07-27 05:40,7,0,false,/home/ninini/Agents/APK-Research/new_samples/711cpa3.uz8g9.com.apk,711cpa3.uz8g9.com,https://711cpa3.uz8g9.com/,ok,4.1,0.0,17.7,37.7
711c284.07x3a.com,kpq.otmybcxnbsnsbn.custtmkolvgjpf,BxFnVO,80,63,2026-07-27 05:42,2026-07-27 05:42,11,0,false,/home/ninini/Agents/APK-Research/new_samples/711c284.07x3a.com.apk,711c284.07x3a.com,https://711c284.07x3a.com/,ok,6.7,0.0,20.1,35.7
713cpc15.sxw9m.com,bys.npphqnievlayjtl.vgwmhhrvwcdtpei,sNJtyJ,80,66,2026-07-27 05:43,2026-07-27 05:43,8,0,false,/home/ninini/Agents/APK-Research/new_samples/713cpc15.sxw9m.com.apk,713cpc15.sxw9m.com,https://713cpc15.sxw9m.com/,ok,6.4,0.4,23.2,36.9
716sl139.1rwr8.com,msa.gyrcrjcvcev.lajqsroxxjcjchbt,WZlIWN,80,63,2026-07-27 05:45,2026-07-27 05:45,9,0,false,/home/ninini/Agents/APK-Research/new_samples/716sl139.1rwr8.com.apk,716sl139.1rwr8.com,https://716sl139.1rwr8.com/,ok,4.2,0.0,20.1,37.8
718c106.8f5fy.com,oah.vfabxsouausvbe.bbeusdbrcvwpsp,WrEqsg,80,63,2026-07-27 05:46,2026-07-27 05:46,9,0,false,/home/ninini/Agents/APK-Research/new_samples/718c106.8f5fy.com.apk,718c106.8f5fy.com,https://718c106.8f5fy.com/,ok,6.3,0.0,17.7,37.8
718d6.q8jqx.top,oah.vfabxsouausvbe.bbeusdbrcvwpsp,WrEqsg,80,63,2026-07-27 05:48,2026-07-27 05:48,10,0,false,/home/ninini/Agents/APK-Research/new_samples/718d6.q8jqx.top.apk,718d6.q8jqx.top,https://718d6.q8jqx.top/,ok,6.3,0.0,18.1,37.8
711cpb15.naekw.com,eig.ugmmxotkwne.jjcjfunlxhhslavf,JhIiZt,80,64,2026-07-27 05:49,2026-07-27 05:49,11,0,false,/home/ninini/Agents/APK-Research/new_samples/711cpb15.naekw.com.apk,711cpb15.naekw.com,https://711cpb15.naekw.com/,ok,3.6,0.0,18.0,37.5
711cpc13.ers5c.com,cwm.wvijwekhkvqnarw.henfdopucowhmch,UwPZsv,80,66,2026-07-27 05:51,2026-07-27 05:51,7,0,false,/home/ninini/Agents/APK-Research/new_samples/711cpc13.ers5c.com.apk,711cpc13.ers5c.com,https://711cpc13.ers5c.com/,ok,6.5,0.4,21.2,38.9
714sl028.7be5b.com,mtx.wfdgipjmtrv.mjtdtrjbblxvkdbc,YdxoQv,80,63,2026-07-27 05:52,2026-07-27 05:52,9,0,false,/home/ninini/Agents/APK-Research/new_samples/714sl028.7be5b.com.apk,714sl028.7be5b.com,https://714sl028.7be5b.com/,ok,6.6,0.0,20.4,35.5
716n098.g3h63.com,vib.qgcsymiiotf.cecteawxkahyeirq,ELCugz,80,64,2026-07-27 05:53,2026-07-27 05:53,10,0,false,/home/ninini/Agents/APK-Research/new_samples/716n098.g3h63.com.apk,716n098.g3h63.com,https://716n098.g3h63.com/,ok,2.5,0.0,20.3,37.4
71du012.puec6.com,ntk.rnuncjxfskt.eaoetshrkwpjhbvv,ZxbGin,80,63,2026-07-27 05:55,2026-07-27 05:55,8,0,false,/home/ninini/Agents/APK-Research/new_samples/71du012.puec6.com.apk,71du012.puec6.com,https://71du012.puec6.com/,ok,7.2,0.0,17.8,37.5
71du022.paxrs.com,ntk.rnuncjxfskt.eaoetshrkwpjhbvv,ZxbGin,80,63,2026-07-27 05:56,2026-07-27 05:56,6,0,false,/home/ninini/Agents/APK-Research/new_samples/71du022.paxrs.com.apk,71du022.paxrs.com,https://71du022.paxrs.com/,ok,7.3,0.0,17.8,38.0
711cpc33.d1xcw.com,nvm.aeyktoiyrivqoas.gxlomwggxgptpps,dkdUeh,80,66,2026-07-27 05:58,2026-07-27 05:58,9,0,false,/home/ninini/Agents/APK-Research/new_samples/711cpc33.d1xcw.com.apk,711cpc33.d1xcw.com,https://711cpc33.d1xcw.com/,ok,7.0,0.4,20.9,39.1
712d25.lrmpj.com,vka.vtfucvxgmhlo.edlwjxfragpfwksbng,nMzUNG,80,62,2026-07-27 05:59,2026-07-27 05:59,5,0,false,/home/ninini/Agents/APK-Research/new_samples/712d25.lrmpj.com.apk,712d25.lrmpj.com,https://712d25.lrmpj.com/,ok,3.2,0.0,17.7,37.8
713sl209.paxrs.com,swm.kyvbyowuoro.goxqhyfpvtdwxhex,pkzUgy,80,63,2026-07-27 06:00,2026-07-27 06:00,9,0,false,/home/ninini/Agents/APK-Research/new_samples/713sl209.paxrs.com.apk,713sl209.paxrs.com,https://713sl209.paxrs.com/,ok,7.5,0.0,17.8,37.9
711cpb06.fpyzf.com,dua.eooxswdxepb.txjjttqdiaqaneqx,ddxmEp,80,64,2026-07-27 06:02,2026-07-27 06:02,9,0,false,/home/ninini/Agents/APK-Research/new_samples/711cpb06.fpyzf.com.apk,711cpb06.fpyzf.com,https://711cpb06.fpyzf.com/,ok,3.4,0.0,20.1,35.5
711cpb12.0de7z.com,dua.eooxswdxepb.txjjttqdiaqaneqx,ddxmEp,80,64,2026-07-27 06:03,2026-07-27 06:03,8,0,false,/home/ninini/Agents/APK-Research/new_samples/711cpb12.0de7z.com.apk,711cpb12.0de7z.com,https://711cpb12.0de7z.com/,ok,2.9,0.0,20.2,37.9
711cpb15.tme5b.com,dua.eooxswdxepb.txjjttqdiaqaneqx,ddxmEp,80,64,2026-07-27 06:05,2026-07-27 06:05,10,0,false,/home/ninini/Agents/APK-Research/new_samples/711cpb15.tme5b.com.apk,711cpb15.tme5b.com,https://711cpb15.tme5b.com/,ok,4.8,0.0,17.7,37.6
712d165.lrmpj.com,syd.idbcubulvupj.wvrsxmnvcjiywadogd,GBJVGG,80,62,2026-07-27 06:06,2026-07-27 06:06,6,0,false,/home/ninini/Agents/APK-Research/new_samples/712d165.lrmpj.com.apk,712d165.lrmpj.com,https://712d165.lrmpj.com/,ok,4.3,0.0,17.8,37.7
710d104.10msu.com,lnc.cmpmkkfajjoc.kkhbbxowgeedylflqu,ZxFNnM,80,62,2026-07-27 06:08,2026-07-27 06:08,4,0,false,/home/ninini/Agents/APK-Research/new_samples/710d104.10msu.com.apk,710d104.10msu.com,https://710d104.10msu.com/,ok,3.5,0.0,17.8,37.0
711c447.wbacb.com,dux.ekjprqrotllske.ibncaeyfglwuva,EuEQhI,80,63,2026-07-27 06:09,2026-07-27 06:09,9,0,false,/home/ninini/Agents/APK-Research/new_samples/711c447.wbacb.com.apk,711c447.wbacb.com,https://711c447.wbacb.com/,ok,7.3,0.0,17.9,37.7
711cpc13.4o4ez.com,syr.cvdrjdwmobomxgt.sjhrtmvwwbwnnos,JQrObg,80,66,2026-07-27 06:10,2026-07-27 06:10,9,0,false,/home/ninini/Agents/APK-Research/new_samples/711cpc13.4o4ez.com.apk,711cpc13.4o4ez.com,https://711cpc13.4o4ez.com/,ok,4.5,0.4,23.2,36.5
713c120.30ixz.com,uoq.kvftlxphompffb.rwynahbkjwmkoe,JSTqql,80,63,2026-07-27 06:12,2026-07-27 06:12,9,0,false,/home/ninini/Agents/APK-Research/new_samples/713c120.30ixz.com.apk,713c120.30ixz.com,https://713c120.30ixz.com/,ok,6.2,0.0,20.2,35.5
713c193.jilj2.com,lxg.qdjboclcrsxd.pvmnssuxxfcxnxltww,LkXJIB,80,62,2026-07-27 06:13,2026-07-27 06:13,7,0,false,/home/ninini/Agents/APK-Research/new_samples/713c193.jilj2.com.apk,713c193.jilj2.com,https://713c193.jilj2.com/,ok,5.5,0.0,20.0,37.7
711cpc95.1aww4.com,efd.roqiinuupwqcrdq.pdgyswevjmmdsma,wjkiAt,80,65,2026-07-27 06:15,2026-07-27 06:15,11,0,false,/home/ninini/Agents/APK-Research/new_samples/711cpc95.1aww4.com.apk,711cpc95.1aww4.com,https://711cpc95.1aww4.com/,ok,6.7,0.4,20.8,38.7
715sl014.nfl2q.com,avy.badkevshpag.aablobmgicuosgrd,ovQccK,80,63,2026-07-27 06:16,2026-07-27 06:16,10,0,false,/home/ninini/Agents/APK-Research/new_samples/715sl014.nfl2q.com.apk,715sl014.nfl2q.com,https://715sl014.nfl2q.com/,ok,7.6,0.0,17.6,38.0
71du022.ofx2e.com,gnc.vjeyyfpmoxc.yobpwmxefubfbyxl,yWIlMx,80,63,2026-07-27 06:18,2026-07-27 06:18,10,0,false,/home/ninini/Agents/APK-Research/new_samples/71du022.ofx2e.com.apk,71du022.ofx2e.com,https://71du022.ofx2e.com/,ok,7.5,0.0,17.7,38.0
715cpc14.ers5c.com,nww.dtkpmdtcmfbhpgj.pvxdungmqemxbbi,pNrBRG,80,66,2026-07-27 06:19,2026-07-27 06:19,8,0,false,/home/ninini/Agents/APK-Research/new_samples/715cpc14.ers5c.com.apk,715cpc14.ers5c.com,https://715cpc14.ers5c.com/,ok,6.9,0.4,21.0,39.1
715cpc14.urqjd.com,nww.dtkpmdtcmfbhpgj.pvxdungmqemxbbi,pNrBRG,80,66,2026-07-27 06:21,2026-07-27 06:21,9,0,false,/home/ninini/Agents/APK-Research/new_samples/715cpc14.urqjd.com.apk,715cpc14.urqjd.com,https://715cpc14.urqjd.com/,ok,4.4,0.4,20.8,38.8
719b109.mpdzj.com,vitjf.brotmccy.exxhjoapc,OwdeNW,80,62,2026-07-27 06:22,2026-07-27 06:22,9,0,false,/home/ninini/Agents/APK-Research/new_samples/719b109.mpdzj.com.apk,719b109.mpdzj.com,https://719b109.mpdzj.com/,ok,2.5,0.0,17.8,37.5
713c304.z5zkq.com,ggk.eghseoibdgfcpy.euebsipjkqcwkb,KUTFvs,80,63,2026-07-27 06:24,2026-07-27 06:24,8,0,false,/home/ninini/Agents/APK-Research/new_samples/713c304.z5zkq.com.apk,713c304.z5zkq.com,https://713c304.z5zkq.com/,ok,5.6,0.0,20.3,35.4
711cpb15.e2uzk.com,ehv.bdxhnwhaoql.ngnhiogqesfelfhc,HcXIUQ,80,64,2026-07-27 06:25,2026-07-27 06:25,9,0,false,/home/ninini/Agents/APK-Research/new_samples/711cpb15.e2uzk.com.apk,711cpb15.e2uzk.com,https://711cpb15.e2uzk.com/,ok,2.9,0.0,20.6,34.9
711cpc48.ny61b.com,hcn.hlpdqytfeeafjbu.lgdocdstjttgqqw,sJXIII,80,66,2026-07-27 06:26,2026-07-27 06:26,8,0,false,/home/ninini/Agents/APK-Research/new_samples/711cpc48.ny61b.com.apk,711cpc48.ny61b.com,https://711cpc48.ny61b.com/,ok,6.7,0.4,23.2,36.6
715cpc01.4h1k5.com,hcn.hlpdqytfeeafjbu.lgdocdstjttgqqw,sJXIII,80,66,2026-07-27 06:28,2026-07-27 06:28,8,0,false,/home/ninini/Agents/APK-Research/new_samples/715cpc01.4h1k5.com.apk,715cpc01.4h1k5.com,https://715cpc01.4h1k5.com/,ok,7.2,0.4,20.9,38.9
71du008.4bzse.com,xtb.dnlehyspqov.ptjwakxnqxckrcmg,RuqjfW,80,63,2026-07-27 06:29,2026-07-27 06:29,9,0,false,/home/ninini/Agents/APK-Research/new_samples/71du008.4bzse.com.apk,71du008.4bzse.com,https://71du008.4bzse.com/,ok,7.9,0.0,17.7,38.7
71du022.rljn4.com,xtb.dnlehyspqov.ptjwakxnqxckrcmg,RuqjfW,80,63,2026-07-27 06:31,2026-07-27 06:31,7,0,false,/home/ninini/Agents/APK-Research/new_samples/71du022.rljn4.com.apk,71du022.rljn4.com,https://71du022.rljn4.com/,ok,7.8,0.0,17.7,37.1
711cpc94.rcak3.com,tws.iucmoueypvlqotg.udesyxwtejwicvw,GDxJad,80,66,2026-07-27 06:32,2026-07-27 06:32,9,0,false,/home/ninini/Agents/APK-Research/new_samples/711cpc94.rcak3.com.apk,711cpc94.rcak3.com,https://711cpc94.rcak3.com/,ok,8.5,0.4,21.9,38.5
715cpc15.7s2y7.com,tws.iucmoueypvlqotg.udesyxwtejwicvw,GDxJad,80,66,2026-07-27 06:34,2026-07-27 06:34,9,0,false,/home/ninini/Agents/APK-Research/new_samples/715cpc15.7s2y7.com.apk,715cpc15.7s2y7.com,https://715cpc15.7s2y7.com/,ok,7.7,0.4,20.5,39.3
721ww72.e4kz7b.top,rse.lptyoyljbngpgj.ssnfjdgbntpasnqblixa,tXpbYr,80,63,2026-07-27 06:35,2026-07-27 06:35,7,0,false,/home/ninini/Agents/APK-Research/new_samples/721ww72.e4kz7b.top.apk,721ww72.e4kz7b.top,https://721ww72.e4kz7b.top/,ok,9.4,0.0,18.1,37.8
715cpc14.moljj.com,uxy.narqcyfkihenunw.lnyjdmbngoeiwul,cziqqC,80,66,2026-07-27 06:37,2026-07-27 06:37,9,0,false,/home/ninini/Agents/APK-Research/new_samples/715cpc14.moljj.com.apk,715cpc14.moljj.com,https://715cpc14.moljj.com/,ok,6.7,0.4,20.7,39.0
717cpc13.at4lt.com,par.jkjoseamjehpqyy.uaicqxbqtswfcpc,BSUdzZ,80,66,2026-07-27 06:38,2026-07-27 06:38,9,0,false,/home/ninini/Agents/APK-Research/new_samples/717cpc13.at4lt.com.apk,717cpc13.at4lt.com,https://717cpc13.at4lt.com/,ok,4.3,0.4,20.6,39.2
711cpc01.at4lt.com,iwe.wupckjajurcqjgx.wrotdllaokbchvx,eGBqaw,80,66,2026-07-27 06:40,2026-07-27 06:40,9,0,false,/home/ninini/Agents/APK-Research/new_samples/711cpc01.at4lt.com.apk,711cpc01.at4lt.com,https://711cpc01.at4lt.com/,ok,5.3,0.4,20.7,38.7
711cpc127.y7uru.com,par.jkjoseamjehpqyy.uaicqxbqtswfcpc,BSUdzZ,80,66,2026-07-27 06:41,2026-07-27 06:41,9,0,false,/home/ninini/Agents/APK-Research/new_samples/711cpc127.y7uru.com.apk,711cpc127.y7uru.com,https://711cpc127.y7uru.com/,ok,4.6,0.4,20.6,38.9
714cpa4.rn6iq.com,hyw.olmagtyimdkuuc.arjsrdqetjqbtr,vOGEQY,80,63,2026-07-27 06:43,2026-07-27 06:43,11,0,false,/home/ninini/Agents/APK-Research/new_samples/714cpa4.rn6iq.com.apk,714cpa4.rn6iq.com,https://714cpa4.rn6iq.com/,ok,4.4,0.0,17.8,37.9
711cpc11.thstg.com,qjl.csfaydephbgjvhd.udueylylqntchgs,RCfQcn,80,66,2026-07-27 06:44,2026-07-27 06:44,10,0,false,/home/ninini/Agents/APK-Research/new_samples/711cpc11.thstg.com.apk,711cpc11.thstg.com,https://711cpc11.thstg.com/,ok,5.4,0.4,20.8,38.7
711cpc115.maufr.com,uah.cfdpcqxsqapovap.bfmhbsleyqkhcyi,ZPorhg,80,65,2026-07-27 06:46,2026-07-27 06:46,9,0,false,/home/ninini/Agents/APK-Research/new_samples/711cpc115.maufr.com.apk,711cpc115.maufr.com,https://711cpc115.maufr.com/,ok,6.6,0.4,20.9,38.8
711cpc89.bx9xl.com,smf.lwcgstairlgwoit.sxiblqddeafbydj,BWDCBp,80,66,2026-07-27 06:47,2026-07-27 06:47,9,0,false,/home/ninini/Agents/APK-Research/new_samples/711cpc89.bx9xl.com.apk,711cpc89.bx9xl.com,https://711cpc89.bx9xl.com/,ok,4.2,0.4,20.8,38.7
715cpc01.loqgw.com,smf.lwcgstairlgwoit.sxiblqddeafbydj,BWDCBp,80,66,2026-07-27 06:49,2026-07-27 06:49,9,0,false,/home/ninini/Agents/APK-Research/new_samples/715cpc01.loqgw.com.apk,715cpc01.loqgw.com,https://715cpc01.loqgw.com/,ok,7.2,-1.9,20.9,38.5
721ww24.q1mx4e.top,ejc.dwbdnrfcvrfcyt.vuhufpnmdoienbohndcj,CyqBrO,80,63,2026-07-27 06:50,2026-07-27 06:50,7,0,false,/home/ninini/Agents/APK-Research/new_samples/721ww24.q1mx4e.top.apk,721ww24.q1mx4e.top,https://721ww24.q1mx4e.top/,ok,4.4,0.0,17.8,37.5
711cpc07.78fvl.com,rfd.nwamscqigexfdit.diiqsgpspvaqtvn,KZpFdH,80,66,2026-07-27 06:52,2026-07-27 06:52,8,0,false,/home/ninini/Agents/APK-Research/new_samples/711cpc07.78fvl.com.apk,711cpc07.78fvl.com,https://711cpc07.78fvl.com/,ok,6.7,0.4,20.9,38.4
711cpc46.hvqi5.com,rfd.nwamscqigexfdit.diiqsgpspvaqtvn,KZpFdH,80,66,2026-07-27 06:53,2026-07-27 06:53,7,0,false,/home/ninini/Agents/APK-Research/new_samples/711cpc46.hvqi5.com.apk,711cpc46.hvqi5.com,https://711cpc46.hvqi5.com/,ok,6.9,0.4,20.9,38.9
711cpc48.f3n4x.com,rul.mcjwwexejogoevf.upbcxtawsowyjva,NZTWGE,80,66,2026-07-27 06:55,2026-07-27 06:55,9,0,false,/home/ninini/Agents/APK-Research/new_samples/711cpc48.f3n4x.com.apk,711cpc48.f3n4x.com,https://711cpc48.f3n4x.com/,ok,5.4,0.4,20.8,38.2
721cpc08.duedp.com,rul.mcjwwexejogoevf.upbcxtawsowyjva,NZTWGE,80,66,2026-07-27 06:56,2026-07-27 06:56,9,0,false,/home/ninini/Agents/APK-Research/new_samples/721cpc08.duedp.com.apk,721cpc08.duedp.com,https://721cpc08.duedp.com/,ok,7.6,0.4,20.8,38.9
711cpc114.78fvl.com,rul.mcjwwexejogoevf.upbcxtawsowyjva,NZTWGE,80,66,2026-07-27 06:58,2026-07-27 06:58,10,0,false,/home/ninini/Agents/APK-Research/new_samples/711cpc114.78fvl.com.apk,711cpc114.78fvl.com,https://711cpc114.78fvl.com/,ok,7.7,0.4,21.0,38.7
715cpc01.rktf7.com,bmf.evamkxkgtftrifn.ymgrkjedysdffen,oukQYt,80,66,2026-07-27 06:59,2026-07-27 06:59,8,0,false,/home/ninini/Agents/APK-Research/new_samples/715cpc01.rktf7.com.apk,715cpc01.rktf7.com,https://715cpc01.rktf7.com/,ok,6.8,0.4,20.9,38.7
721cpc06.i1bmh.com,snt.qnerbtleolrfcls.kmtglgvafhgtwre,kKJGad,80,66,2026-07-27 07:01,2026-07-27 07:01,9,0,false,/home/ninini/Agents/APK-Research/new_samples/721cpc06.i1bmh.com.apk,721cpc06.i1bmh.com,https://721cpc06.i1bmh.com/,ok,6.9,-1.9,21.2,38.6
710dong44.ubo68.gpzycm.com,mwv.cdtpovissnbeh.kksvkokjwydxykacql,cOuWOk,80,65,2026-07-27 07:02,2026-07-27 07:02,6,0,false,/home/ninini/Agents/APK-Research/new_samples/710dong44.ubo68.gpzycm.com.apk,710dong44.ubo68.gpzycm.com,https://710dong44.ubo68.gpzycm.com/,ok,7.3,0.0,17.9,37.2
710xiao27.bqwzn.gpzycm.com,mwv.cdtpovissnbeh.kksvkokjwydxykacql,cOuWOk,80,65,2026-07-27 07:04,2026-07-27 07:04,7,0,false,/home/ninini/Agents/APK-Research/new_samples/710xiao27.bqwzn.gpzycm.com.apk,710xiao27.bqwzn.gpzycm.com,https://710xiao27.bqwzn.gpzycm.com/,ok,6.6,0.0,20.2,35.2
711xiao19.qyx45.fqstyj.com,xco.qfalpxntqmeka.skesofnvppxrarwkfk,KqtBSw,80,65,2026-07-27 07:05,2026-07-27 07:05,5,0,false,/home/ninini/Agents/APK-Research/new_samples/711xiao19.qyx45.fqstyj.com.apk,711xiao19.qyx45.fqstyj.com,https://711xiao19.qyx45.fqstyj.com/,ok,7.1,0.0,20.1,35.3
712dong10.wjz84.stskai.com,cje.yflwcgqluoquo.hmkatmeaxyqxsjnopc,SwUYdl,80,65,2026-07-27 07:07,2026-07-27 07:07,5,0,false,/home/ninini/Agents/APK-Research/new_samples/712dong10.wjz84.stskai.com.apk,712dong10.wjz84.stskai.com,https://712dong10.wjz84.stskai.com/,ok,6.7,0.0,20.2,37.5
712xiao31.hltzv.stskai.com,cje.yflwcgqluoquo.hmkatmeaxyqxsjnopc,SwUYdl,80,65,2026-07-27 07:08,2026-07-27 07:08,6,0,false,/home/ninini/Agents/APK-Research/new_samples/712xiao31.hltzv.stskai.com.apk,712xiao31.hltzv.stskai.com,https://712xiao31.hltzv.stskai.com/,ok,6.8,0.0,20.4,37.2
712xiao34.adnoj.stskai.com,rei.whyaordkntxhf.qmphouodljvfdkayvj,gTqeiD,80,65,2026-07-27 07:09,2026-07-27 07:09,5,0,false,/home/ninini/Agents/APK-Research/new_samples/712xiao34.adnoj.stskai.com.apk,712xiao34.adnoj.stskai.com,https://712xiao34.adnoj.stskai.com/,ok,6.9,0.0,17.7,37.4
712xiao42.sfk29.stskai.com,rei.whyaordkntxhf.qmphouodljvfdkayvj,gTqeiD,80,65,2026-07-27 07:11,2026-07-27 07:11,6,0,false,/home/ninini/Agents/APK-Research/new_samples/712xiao42.sfk29.stskai.com.apk,712xiao42.sfk29.stskai.com,https://712xiao42.sfk29.stskai.com/,ok,6.6,0.0,17.8,37.5
714dong48.mrj42.rylvib.com,rei.whyaordkntxhf.qmphouodljvfdkayvj,gTqeiD,80,65,2026-07-27 07:12,2026-07-27 07:12,5,0,false,/home/ninini/Agents/APK-Research/new_samples/714dong48.mrj42.rylvib.com.apk,714dong48.mrj42.rylvib.com,https://714dong48.mrj42.rylvib.com/,ok,7.6,0.0,18.1,37.7
714dong50.tds14.rylvib.com,klg.yogfxkgeogjbb.ecifugftbikgmfschv,ksWgBd,80,65,2026-07-27 07:14,2026-07-27 07:14,7,0,false,/home/ninini/Agents/APK-Research/new_samples/714dong50.tds14.rylvib.com.apk,714dong50.tds14.rylvib.com,https://714dong50.tds14.rylvib.com/,ok,6.2,0.0,17.7,37.5
714jima07.iwl80.rylvib.com,rei.whyaordkntxhf.qmphouodljvfdkayvj,gTqeiD,80,65,2026-07-27 07:15,2026-07-27 07:15,9,0,false,/home/ninini/Agents/APK-Research/new_samples/714jima07.iwl80.rylvib.com.apk,714jima07.iwl80.rylvib.com,https://714jima07.iwl80.rylvib.com/,ok,4.3,0.0,17.9,37.3
714xiao36.rtb33.rylvib.com,dyl.kbaobmsfgfkga.afgwbdqcdnaheqiica,rifwAC,80,65,2026-07-27 07:17,2026-07-27 07:17,8,0,false,/home/ninini/Agents/APK-Research/new_samples/714xiao36.rtb33.rylvib.com.apk,714xiao36.rtb33.rylvib.com,https://714xiao36.rtb33.rylvib.com/,ok,4.7,0.0,17.9,37.3
715dong70.mal85.nlvbhw.com,dyl.kbaobmsfgfkga.afgwbdqcdnaheqiica,rifwAC,80,65,2026-07-27 07:18,2026-07-27 07:18,8,0,false,/home/ninini/Agents/APK-Research/new_samples/715dong70.mal85.nlvbhw.com.apk,715dong70.mal85.nlvbhw.com,https://715dong70.mal85.nlvbhw.com/,ok,6.7,0.0,20.4,35.1
716dong05.ovw84.unlgqb.com,dyl.kbaobmsfgfkga.afgwbdqcdnaheqiica,rifwAC,80,65,2026-07-27 07:20,2026-07-27 07:20,10,0,false,/home/ninini/Agents/APK-Research/new_samples/716dong05.ovw84.unlgqb.com.apk,716dong05.ovw84.unlgqb.com,https://716dong05.ovw84.unlgqb.com/,ok,6.6,0.0,20.3,35.1
717zok12.cpv30.rxqqfsv.com,dyl.kbaobmsfgfkga.afgwbdqcdnaheqiica,rifwAC,80,65,2026-07-27 07:21,2026-07-27 07:21,9,0,false,/home/ninini/Agents/APK-Research/new_samples/717zok12.cpv30.rxqqfsv.com.apk,717zok12.cpv30.rxqqfsv.com,https://717zok12.cpv30.rxqqfsv.com/,ok,7.1,0.0,20.3,37.2
718dong15.aux24.bxgsnj.com,skt.mvclpclvwdjon.ttlhtyhcplfffdeusl,cJNQQv,80,65,2026-07-27 07:22,2026-07-27 07:22,7,0,false,/home/ninini/Agents/APK-Research/new_samples/718dong15.aux24.bxgsnj.com.apk,718dong15.aux24.bxgsnj.com,https://718dong15.aux24.bxgsnj.com/,ok,4.2,0.0,20.3,37.3
718dong23.euj67.bxgsnj.com,skt.mvclpclvwdjon.ttlhtyhcplfffdeusl,cJNQQv,80,65,2026-07-27 07:24,2026-07-27 07:24,8,0,false,/home/ninini/Agents/APK-Research/new_samples/718dong23.euj67.bxgsnj.com.apk,718dong23.euj67.bxgsnj.com,https://718dong23.euj67.bxgsnj.com/,ok,6.7,0.0,17.8,37.8
718dong25.bfe51.bxgsnj.com,wyp.eevatfuxfhgmj.kvoullqlnsphmlichi,IKZCFo,80,65,2026-07-27 07:25,2026-07-27 07:25,8,0,false,/home/ninini/Agents/APK-Research/new_samples/718dong25.bfe51.bxgsnj.com.apk,718dong25.bfe51.bxgsnj.com,https://718dong25.bfe51.bxgsnj.com/,ok,7.3,0.0,17.7,37.6
710bw110.vls45.gpzycm.com,wyp.eevatfuxfhgmj.kvoullqlnsphmlichi,IKZCFo,80,65,2026-07-27 07:27,2026-07-27 07:27,8,0,false,/home/ninini/Agents/APK-Research/new_samples/710bw110.vls45.gpzycm.com.apk,710bw110.vls45.gpzycm.com,https://710bw110.vls45.gpzycm.com/,ok,6.9,0.0,17.8,37.4
710bw111.vyp77.gpzycm.com,wyp.eevatfuxfhgmj.kvoullqlnsphmlichi,IKZCFo,80,65,2026-07-27 07:28,2026-07-27 07:28,8,0,false,/home/ninini/Agents/APK-Research/new_samples/710bw111.vyp77.gpzycm.com.apk,710bw111.vyp77.gpzycm.com,https://710bw111.vyp77.gpzycm.com/,ok,6.6,0.0,17.6,37.7
710bw125.svi83.gpzycm.com,wyp.eevatfuxfhgmj.kvoullqlnsphmlichi,IKZCFo,80,65,2026-07-27 07:30,2026-07-27 07:30,11,0,false,/home/ninini/Agents/APK-Research/new_samples/710bw125.svi83.gpzycm.com.apk,710bw125.svi83.gpzycm.com,https://710bw125.svi83.gpzycm.com/,ok,4.3,0.0,17.6,37.5
710bw130.edf78.gpzycm.com,pxt.nnnlempvhoikd.ppxkcfkgcrsiwhgyhc,DvbJJB,80,65,2026-07-27 07:31,2026-07-27 07:31,8,0,false,/home/ninini/Agents/APK-Research/new_samples/710bw130.edf78.gpzycm.com.apk,710bw130.edf78.gpzycm.com,https://710bw130.edf78.gpzycm.com/,ok,4.7,0.0,17.8,37.7
710bw141.zhf84.gpzycm.com,rhs.djlavbdnifqim.mfprymawnjynwofnda,QLDsFP,80,65,2026-07-27 07:33,2026-07-27 07:33,8,0,false,/home/ninini/Agents/APK-Research/new_samples/710bw141.zhf84.gpzycm.com.apk,710bw141.zhf84.gpzycm.com,https://710bw141.zhf84.gpzycm.com/,ok,5.7,0.0,17.8,37.3
710hu101.hfp25.gpzycm.com,rhs.djlavbdnifqim.mfprymawnjynwofnda,QLDsFP,80,65,2026-07-27 07:34,2026-07-27 07:34,8,0,false,/home/ninini/Agents/APK-Research/new_samples/710hu101.hfp25.gpzycm.com.apk,710hu101.hfp25.gpzycm.com,https://710hu101.hfp25.gpzycm.com/,ok,7.2,0.0,20.4,35.0
711bw118.oov63.fqstyj.com,asb.luhuuuycpkaum.dtdmexkjjcpqpxjhsd,BxLTAI,80,65,2026-07-27 07:36,2026-07-27 07:36,8,0,false,/home/ninini/Agents/APK-Research/new_samples/711bw118.oov63.fqstyj.com.apk,711bw118.oov63.fqstyj.com,https://711bw118.oov63.fqstyj.com/,ok,6.7,0.0,20.3,35.4
711bw132.gso16.fqstyj.com,oqo.jfefwqhjtlqlq.jbgirwokvkdpacnjey,QXaNKB,80,65,2026-07-27 07:37,2026-07-27 07:37,10,0,false,/home/ninini/Agents/APK-Research/new_samples/711bw132.gso16.fqstyj.com.apk,711bw132.gso16.fqstyj.com,https://711bw132.gso16.fqstyj.com/,ok,8.0,0.0,20.3,34.8
711hu106.pho52.fqstyj.com,oqo.jfefwqhjtlqlq.jbgirwokvkdpacnjey,QXaNKB,80,65,2026-07-27 07:38,2026-07-27 07:38,8,0,false,/home/ninini/Agents/APK-Research/new_samples/711hu106.pho52.fqstyj.com.apk,711hu106.pho52.fqstyj.com,https://711hu106.pho52.fqstyj.com/,ok,4.4,0.0,20.2,37.4
711hu107.tjd41.fqstyj.com,mjo.oycwcpxsoumsv.rsclifgklpdbeebbfp,Pojaas,80,65,2026-07-27 07:40,2026-07-27 07:40,8,0,false,/home/ninini/Agents/APK-Research/new_samples/711hu107.tjd41.fqstyj.com.apk,711hu107.tjd41.fqstyj.com,https://711hu107.tjd41.fqstyj.com/,ok,7.2,0.0,20.2,37.6
711hu110.hxi79.fqstyj.com,oqo.jfefwqhjtlqlq.jbgirwokvkdpacnjey,QXaNKB,80,65,2026-07-27 07:41,2026-07-27 07:41,9,0,false,/home/ninini/Agents/APK-Research/new_samples/711hu110.hxi79.fqstyj.com.apk,711hu110.hxi79.fqstyj.com,https://711hu110.hxi79.fqstyj.com/,ok,7.1,0.0,17.7,37.4
711hu122.hwu26.fqstyj.com,oqo.jfefwqhjtlqlq.jbgirwokvkdpacnjey,QXaNKB,80,65,2026-07-27 07:43,2026-07-27 07:43,9,0,false,/home/ninini/Agents/APK-Research/new_samples/711hu122.hwu26.fqstyj.com.apk,711hu122.hwu26.fqstyj.com,https://711hu122.hwu26.fqstyj.com/,ok,6.6,0.0,17.8,37.5
711jwx20.nte96.fqstyj.com,mjo.oycwcpxsoumsv.rsclifgklpdbeebbfp,Pojaas,80,65,2026-07-27 07:44,2026-07-27 07:44,9,0,false,/home/ninini/Agents/APK-Research/new_samples/711jwx20.nte96.fqstyj.com.apk,711jwx20.nte96.fqstyj.com,https://711jwx20.nte96.fqstyj.com/,ok,7.9,0.0,17.4,37.4
712hua17.afqsn.stskai.com,mjo.oycwcpxsoumsv.rsclifgklpdbeebbfp,Pojaas,80,65,2026-07-27 07:46,2026-07-27 07:46,8,0,false,/home/ninini/Agents/APK-Research/new_samples/712hua17.afqsn.stskai.com.apk,712hua17.afqsn.stskai.com,https://712hua17.afqsn.stskai.com/,ok,7.0,0.0,17.4,37.9
713dong50.lma69.qqvvx.com,rdj.ndsmeajmpoyls.asyfoklfhyxhpubtlr,kjKvjZ,80,65,2026-07-27 07:47,2026-07-27 07:47,8,0,false,/home/ninini/Agents/APK-Research/new_samples/713dong50.lma69.qqvvx.com.apk,713dong50.lma69.qqvvx.com,https://713dong50.lma69.qqvvx.com/,ok,4.7,0.0,17.6,37.6
713jima05.kqt77.qqvvx.com,rdj.ndsmeajmpoyls.asyfoklfhyxhpubtlr,kjKvjZ,80,65,2026-07-27 07:49,2026-07-27 07:49,9,0,false,/home/ninini/Agents/APK-Research/new_samples/713jima05.kqt77.qqvvx.com.apk,713jima05.kqt77.qqvvx.com,https://713jima05.kqt77.qqvvx.com/,ok,6.5,0.0,17.7,37.2
714hu125.ubl40.rylvib.com,jby.rbueqmmhsrhma.rfqyffplcseeskaooc,couWMF,80,65,2026-07-27 07:50,2026-07-27 07:50,12,0,false,/home/ninini/Agents/APK-Research/new_samples/714hu125.ubl40.rylvib.com.apk,714hu125.ubl40.rylvib.com,https://714hu125.ubl40.rylvib.com/,ok,7.2,0.0,17.8,37.6
714mzi01.zcq81.rylvib.com,jby.rbueqmmhsrhma.rfqyffplcseeskaooc,couWMF,80,65,2026-07-27 07:52,2026-07-27 07:52,11,0,false,/home/ninini/Agents/APK-Research/new_samples/714mzi01.zcq81.rylvib.com.apk,714mzi01.zcq81.rylvib.com,https://714mzi01.zcq81.rylvib.com/,ok,6.4,0.0,17.9,37.1
714xu002.hox95.rylvib.com,myg.mfwdtoqsbecwe.cyaecffykgfqsekpbi,kKENTT,80,65,2026-07-27 07:53,2026-07-27 07:53,10,0,false,/home/ninini/Agents/APK-Research/new_samples/714xu002.hox95.rylvib.com.apk,714xu002.hox95.rylvib.com,https://714xu002.hox95.rylvib.com/,ok,6.4,0.0,18.0,37.5
714xu011.ssp66.rylvib.com,myg.mfwdtoqsbecwe.cyaecffykgfqsekpbi,kKENTT,80,65,2026-07-27 07:55,2026-07-27 07:55,9,0,false,/home/ninini/Agents/APK-Research/new_samples/714xu011.ssp66.rylvib.com.apk,714xu011.ssp66.rylvib.com,https://714xu011.ssp66.rylvib.com/,ok,6.6,0.0,20.3,35.0
714xu020.nuf93.rylvib.com,dkd.ocepswwecjueg.adxygnrlgxtnoggamm,nCszzC,80,65,2026-07-27 07:56,2026-07-27 07:56,8,0,false,/home/ninini/Agents/APK-Research/new_samples/714xu020.nuf93.rylvib.com.apk,714xu020.nuf93.rylvib.com,https://714xu020.nuf93.rylvib.com/,ok,6.8,0.0,20.4,35.0
714yj056.yzh84.rylvib.com,myg.mfwdtoqsbecwe.cyaecffykgfqsekpbi,kKENTT,80,65,2026-07-27 07:57,2026-07-27 07:57,8,0,false,/home/ninini/Agents/APK-Research/new_samples/714yj056.yzh84.rylvib.com.apk,714yj056.yzh84.rylvib.com,https://714yj056.yzh84.rylvib.com/,ok,6.9,0.0,20.7,34.9
714zok09.gia11.rylvib.com,dkd.ocepswwecjueg.adxygnrlgxtnoggamm,nCszzC,80,65,2026-07-27 07:59,2026-07-27 07:59,8,0,false,/home/ninini/Agents/APK-Research/new_samples/714zok09.gia11.rylvib.com.apk,714zok09.gia11.rylvib.com,https://714zok09.gia11.rylvib.com/,ok,7.7,0.0,20.2,35.1
714zok14.tmb53.rylvib.com,dkd.ocepswwecjueg.adxygnrlgxtnoggamm,nCszzC,80,65,2026-07-27 08:00,2026-07-27 08:00,8,0,false,/home/ninini/Agents/APK-Research/new_samples/714zok14.tmb53.rylvib.com.apk,714zok14.tmb53.rylvib.com,https://714zok14.tmb53.rylvib.com/,ok,6.4,0.0,20.3,34.8
714zok18.rws54.rylvib.com,buj.nhbjfagpmgjbg.rfodtmdpkwqpsoxoyk,sdXbRh,80,65,2026-07-27 08:02,2026-07-27 08:02,10,0,false,/home/ninini/Agents/APK-Research/new_samples/714zok18.rws54.rylvib.com.apk,714zok18.rws54.rylvib.com,https://714zok18.rws54.rylvib.com/,ok,6.7,0.0,20.5,37.9
715dao07.sxexg.nlvbhw.com,pfl.wpmnfwtkrffkr.cfcktlnpcwdtnlqtvy,lxVQRK,80,65,2026-07-27 08:03,2026-07-27 08:03,9,0,false,/home/ninini/Agents/APK-Research/new_samples/715dao07.sxexg.nlvbhw.com.apk,715dao07.sxexg.nlvbhw.com,https://715dao07.sxexg.nlvbhw.com/,ok,6.6,0.0,20.5,37.2
715hua08.bsbsq.nlvbhw.com,buj.nhbjfagpmgjbg.rfodtmdpkwqpsoxoyk,sdXbRh,80,65,2026-07-27 08:05,2026-07-27 08:05,8,0,false,/home/ninini/Agents/APK-Research/new_samples/715hua08.bsbsq.nlvbhw.com.apk,715hua08.bsbsq.nlvbhw.com,https://715hua08.bsbsq.nlvbhw.com/,ok,4.1,0.0,20.3,37.3
715zok11.pto87.nlvbhw.com,buj.nhbjfagpmgjbg.rfodtmdpkwqpsoxoyk,sdXbRh,80,65,2026-07-27 08:06,2026-07-27 08:06,9,0,false,/home/ninini/Agents/APK-Research/new_samples/715zok11.pto87.nlvbhw.com.apk,715zok11.pto87.nlvbhw.com,https://715zok11.pto87.nlvbhw.com/,ok,7.1,0.0,17.8,37.5
716dao02.tgrut.unlgqb.com,yjv.oxvxpaouesytq.rlkjrjjibtatmqpgfc,peYXVl,80,65,2026-07-27 08:08,2026-07-27 08:08,7,0,false,/home/ninini/Agents/APK-Research/new_samples/716dao02.tgrut.unlgqb.com.apk,716dao02.tgrut.unlgqb.com,https://716dao02.tgrut.unlgqb.com/,ok,7.1,0.0,17.6,37.6
716dao03.jbqak.unlgqb.com,yjv.oxvxpaouesytq.rlkjrjjibtatmqpgfc,peYXVl,80,65,2026-07-27 08:09,2026-07-27 08:09,8,0,false,/home/ninini/Agents/APK-Research/new_samples/716dao03.jbqak.unlgqb.com.apk,716dao03.jbqak.unlgqb.com,https://716dao03.jbqak.unlgqb.com/,ok,7.0,0.0,17.7,37.4
716dao09.fyaps.unlgqb.com,yjv.oxvxpaouesytq.rlkjrjjibtatmqpgfc,peYXVl,80,65,2026-07-27 08:11,2026-07-27 08:11,8,0,false,/home/ninini/Agents/APK-Research/new_samples/716dao09.fyaps.unlgqb.com.apk,716dao09.fyaps.unlgqb.com,https://716dao09.fyaps.unlgqb.com/,ok,6.8,0.0,17.8,37.5
716gx001.fzmkp.unlgqb.com,yjv.oxvxpaouesytq.rlkjrjjibtatmqpgfc,peYXVl,80,65,2026-07-27 08:12,2026-07-27 08:12,7,0,false,/home/ninini/Agents/APK-Research/new_samples/716gx001.fzmkp.unlgqb.com.apk,716gx001.fzmkp.unlgqb.com,https://716gx001.fzmkp.unlgqb.com/,ok,6.9,0.0,17.7,37.2
716hu103.thz52.unlgqb.com,ltg.lekqmitjdiohq.fdcmceeyxiulmooxql,BeyJLJ,80,65,2026-07-27 08:14,2026-07-27 08:14,9,0,false,/home/ninini/Agents/APK-Research/new_samples/716hu103.thz52.unlgqb.com.apk,716hu103.thz52.unlgqb.com,https://716hu103.thz52.unlgqb.com/,ok,4.1,0.0,17.7,37.4
716hu126.rcy86.unlgqb.com,kyf.amdjdunqcylac.wtlgjohxpfxgdalyka,ghnlcW,80,65,2026-07-27 08:15,2026-07-27 08:15,8,0,false,/home/ninini/Agents/APK-Research/new_samples/716hu126.rcy86.unlgqb.com.apk,716hu126.rcy86.unlgqb.com,https://716hu126.rcy86.unlgqb.com/,ok,4.3,0.0,18.1,37.5
716hua13.qgcrt.unlgqb.com,kyf.amdjdunqcylac.wtlgjohxpfxgdalyka,ghnlcW,80,65,2026-07-27 08:17,2026-07-27 08:17,9,0,false,/home/ninini/Agents/APK-Research/new_samples/716hua13.qgcrt.unlgqb.com.apk,716hua13.qgcrt.unlgqb.com,https://716hua13.qgcrt.unlgqb.com/,ok,5.7,0.0,17.8,37.5
716si022.mhjgs.unlgqb.com,kyf.amdjdunqcylac.wtlgjohxpfxgdalyka,ghnlcW,80,65,2026-07-27 08:18,2026-07-27 08:18,12,0,false,/home/ninini/Agents/APK-Research/new_samples/716si022.mhjgs.unlgqb.com.apk,716si022.mhjgs.unlgqb.com,https://716si022.mhjgs.unlgqb.com/,ok,6.6,0.0,17.8,37.3
716si024.gbcql.unlgqb.com,mkf.cwqevhvcxdndd.qnkuadclsjuimagihb,jyHSHb,80,65,2026-07-27 08:20,2026-07-27 08:20,9,0,false,/home/ninini/Agents/APK-Research/new_samples/716si024.gbcql.unlgqb.com.apk,716si024.gbcql.unlgqb.com,https://716si024.gbcql.unlgqb.com/,ok,6.7,0.0,17.8,37.5
716si052.hgcja.unlgqb.com,mkf.cwqevhvcxdndd.qnkuadclsjuimagihb,jyHSHb,80,65,2026-07-27 08:21,2026-07-27 08:21,10,0,false,/home/ninini/Agents/APK-Research/new_samples/716si052.hgcja.unlgqb.com.apk,716si052.hgcja.unlgqb.com,https://716si052.hgcja.unlgqb.com/,ok,6.5,0.0,17.6,37.2
716tk002.slern.unlgqb.com,hlj.bqblsbkvwdfve.spiudavakrbdeqqeew,IigRwo,80,65,2026-07-27 08:23,2026-07-27 08:23,9,0,false,/home/ninini/Agents/APK-Research/new_samples/716tk002.slern.unlgqb.com.apk,716tk002.slern.unlgqb.com,https://716tk002.slern.unlgqb.com/,ok,6.8,0.0,18.3,37.3
716xu001.hxy52.unlgqb.com,oqo.wduoxaffudnjp.exbhaygydanskhxkvk,rjnfpU,80,65,2026-07-27 08:24,2026-07-27 08:24,9,0,false,/home/ninini/Agents/APK-Research/new_samples/716xu001.hxy52.unlgqb.com.apk,716xu001.hxy52.unlgqb.com,https://716xu001.hxy52.unlgqb.com/,ok,6.6,0.0,18.2,37.6
716xu006.qmd98.unlgqb.com,ttr.ewvsukqbfibel.nrrxqbemxivjqvqojj,drQCPO,80,65,2026-07-27 08:25,2026-07-27 08:25,9,0,false,/home/ninini/Agents/APK-Research/new_samples/716xu006.qmd98.unlgqb.com.apk,716xu006.qmd98.unlgqb.com,https://716xu006.qmd98.unlgqb.com/,ok,9.1,0.0,17.8,37.5
716xu014.mhu55.unlgqb.com,ttr.ewvsukqbfibel.nrrxqbemxivjqvqojj,drQCPO,80,65,2026-07-27 08:27,2026-07-27 08:27,9,0,false,/home/ninini/Agents/APK-Research/new_samples/716xu014.mhu55.unlgqb.com.apk,716xu014.mhu55.unlgqb.com,https://716xu014.mhu55.unlgqb.com/,ok,7.2,0.0,17.8,37.1
716zok08.oay35.unlgqb.com,hwd.ecqgwnveeqcio.voipuquvejlqphwkaa,nhcRLJ,80,65,2026-07-27 08:28,2026-07-27 08:28,9,0,false,/home/ninini/Agents/APK-Research/new_samples/716zok08.oay35.unlgqb.com.apk,716zok08.oay35.unlgqb.com,https://716zok08.oay35.unlgqb.com/,ok,6.7,0.0,18.0,37.4
716zok15.yql14.unlgqb.com,hwd.ecqgwnveeqcio.voipuquvejlqphwkaa,nhcRLJ,80,65,2026-07-27 08:30,2026-07-27 08:30,8,0,false,/home/ninini/Agents/APK-Research/new_samples/716zok15.yql14.unlgqb.com.apk,716zok15.yql14.unlgqb.com,https://716zok15.yql14.unlgqb.com/,ok,8.6,0.0,17.9,37.5
718dao01.qbu62.bxgsnj.com,hwd.ecqgwnveeqcio.voipuquvejlqphwkaa,nhcRLJ,80,65,2026-07-27 08:31,2026-07-27 08:31,9,0,false,/home/ninini/Agents/APK-Research/new_samples/718dao01.qbu62.bxgsnj.com.apk,718dao01.qbu62.bxgsnj.com,https://718dao01.qbu62.bxgsnj.com/,ok,8.2,0.0,17.9,37.3
718si016.ggb34.bxgsnj.com,hwd.ecqgwnveeqcio.voipuquvejlqphwkaa,nhcRLJ,80,65,2026-07-27 08:33,2026-07-27 08:33,10,0,false,/home/ninini/Agents/APK-Research/new_samples/718si016.ggb34.bxgsnj.com.apk,718si016.ggb34.bxgsnj.com,https://718si016.ggb34.bxgsnj.com/,ok,7.4,0.0,17.7,37.5
718si019.lzk62.bxgsnj.com,imv.soxavbirjclmc.ksmplmcombsvxhnbaq,ClkCdG,80,65,2026-07-27 08:34,2026-07-27 08:34,12,0,false,/home/ninini/Agents/APK-Research/new_samples/718si019.lzk62.bxgsnj.com.apk,718si019.lzk62.bxgsnj.com,https://718si019.lzk62.bxgsnj.com/,ok,6.9,0.0,20.4,34.8
718xiao32.mvo72.fnpyvc.cn,imv.soxavbirjclmc.ksmplmcombsvxhnbaq,ClkCdG,80,65,2026-07-27 08:36,2026-07-27 08:36,8,0,false,/home/ninini/Agents/APK-Research/new_samples/718xiao32.mvo72.fnpyvc.cn.apk,718xiao32.mvo72.fnpyvc.cn,https://718xiao32.mvo72.fnpyvc.cn/,ok,6.9,0.0,20.4,34.7
718xu003.apv57.bxgsnj.com,jvh.txslnewppyaan.wwtihjjijbjgfghvig,vXxoZW,80,65,2026-07-27 08:37,2026-07-27 08:37,10,0,false,/home/ninini/Agents/APK-Research/new_samples/718xu003.apv57.bxgsnj.com.apk,718xu003.apv57.bxgsnj.com,https://718xu003.apv57.bxgsnj.com/,ok,7.0,0.0,20.3,34.7
718xu029.hsv15.bxgsnj.com,oyq.jmdrctseqrwoq.jdmlsykoefjeuyauub,JeMZjK,80,65,2026-07-27 08:39,2026-07-27 08:39,9,0,false,/home/ninini/Agents/APK-Research/new_samples/718xu029.hsv15.bxgsnj.com.apk,718xu029.hsv15.bxgsnj.com,https://718xu029.hsv15.bxgsnj.com/,ok,6.8,0.0,20.3,34.6
718zok13.ffg97.bxgsnj.com,jvh.txslnewppyaan.wwtihjjijbjgfghvig,vXxoZW,80,65,2026-07-27 08:40,2026-07-27 08:40,9,0,false,/home/ninini/Agents/APK-Research/new_samples/718zok13.ffg97.bxgsnj.com.apk,718zok13.ffg97.bxgsnj.com,https://718zok13.ffg97.bxgsnj.com/,ok,8.7,0.0,20.7,34.6
719xiao19.jte57.hgzvpx.cn,jvh.txslnewppyaan.wwtihjjijbjgfghvig,vXxoZW,80,65,2026-07-27 08:42,2026-07-27 08:42,10,0,false,/home/ninini/Agents/APK-Research/new_samples/719xiao19.jte57.hgzvpx.cn.apk,719xiao19.jte57.hgzvpx.cn,https://719xiao19.jte57.hgzvpx.cn/,ok,6.6,0.0,20.4,34.7
720dong34.rem42.tepehd.cn,fss.qqhnaspiintcb.rmrjmlvoqjjypavnmr,kKshRQ,80,65,2026-07-27 08:43,2026-07-27 08:43,10,0,false,/home/ninini/Agents/APK-Research/new_samples/720dong34.rem42.tepehd.cn.apk,720dong34.rem42.tepehd.cn,https://720dong34.rem42.tepehd.cn/,ok,6.2,0.0,20.4,35.1
711tb74.qxi82.fqstyj.com,gmh.dfetbgnbibmdd.rqgtcorrvvmorbnnfk,eBKAma,80,65,2026-07-27 08:45,2026-07-27 08:45,9,0,false,/home/ninini/Agents/APK-Research/new_samples/711tb74.qxi82.fqstyj.com.apk,711tb74.qxi82.fqstyj.com,https://711tb74.qxi82.fqstyj.com/,ok,6.6,0.0,20.5,35.1
711zok03.alk13.fqstyj.com,exc.hvswnaatuducb.gwotomaukvrimvjroy,DpSplS,80,65,2026-07-27 08:46,2026-07-27 08:46,9,0,false,/home/ninini/Agents/APK-Research/new_samples/711zok03.alk13.fqstyj.com.apk,711zok03.alk13.fqstyj.com,https://711zok03.alk13.fqstyj.com/,ok,6.9,0.0,20.4,34.8
713hu110.aay93.qqvvx.com,gmh.dfetbgnbibmdd.rqgtcorrvvmorbnnfk,eBKAma,80,65,2026-07-27 08:48,2026-07-27 08:48,8,0,false,/home/ninini/Agents/APK-Research/new_samples/713hu110.aay93.qqvvx.com.apk,713hu110.aay93.qqvvx.com,https://713hu110.aay93.qqvvx.com/,ok,4.4,0.0,20.4,34.6
713hu128.pyp28.qqvvx.com,hav.egukutxfftxsm.ikthctjwpmqpcqultv,ggAZGO,80,65,2026-07-27 08:49,2026-07-27 08:49,9,0,false,/home/ninini/Agents/APK-Research/new_samples/713hu128.pyp28.qqvvx.com.apk,713hu128.pyp28.qqvvx.com,https://713hu128.pyp28.qqvvx.com/,ok,6.7,0.0,20.5,35.0
713hu135.fvi37.qqvvx.com,hav.egukutxfftxsm.ikthctjwpmqpcqultv,ggAZGO,80,65,2026-07-27 08:51,2026-07-27 08:51,11,0,false,/home/ninini/Agents/APK-Research/new_samples/713hu135.fvi37.qqvvx.com.apk,713hu135.fvi37.qqvvx.com,https://713hu135.fvi37.qqvvx.com/,ok,7.3,0.0,20.4,35.0
713yf002.cuc41.qqvvx.com,yci.owcgfkutgroqu.jnlxpbtykbxlxyccen,OcoRKz,80,65,2026-07-27 08:52,2026-07-27 08:52,7,0,false,/home/ninini/Agents/APK-Research/new_samples/713yf002.cuc41.qqvvx.com.apk,713yf002.cuc41.qqvvx.com,https://713yf002.cuc41.qqvvx.com/,ok,7.0,0.0,20.4,34.8
713zok04.idx79.qqvvx.com,yci.owcgfkutgroqu.jnlxpbtykbxlxyccen,OcoRKz,80,65,2026-07-27 08:54,2026-07-27 08:54,8,0,false,/home/ninini/Agents/APK-Research/new_samples/713zok04.idx79.qqvvx.com.apk,713zok04.idx79.qqvvx.com,https://713zok04.idx79.qqvvx.com/,ok,7.2,0.0,20.7,35.1
713zok09.iui83.qqvvx.com,hab.fmnvhtgaououa.tlxcbthfenbdseryro,PZHFYf,80,65,2026-07-27 08:55,2026-07-27 08:55,9,0,false,/home/ninini/Agents/APK-Research/new_samples/713zok09.iui83.qqvvx.com.apk,713zok09.iui83.qqvvx.com,https://713zok09.iui83.qqvvx.com/,ok,6.4,0.0,20.7,35.1
714tb66.gaf54.rylvib.com,yci.owcgfkutgroqu.jnlxpbtykbxlxyccen,OcoRKz,80,65,2026-07-27 08:57,2026-07-27 08:57,11,0,false,/home/ninini/Agents/APK-Research/new_samples/714tb66.gaf54.rylvib.com.apk,714tb66.gaf54.rylvib.com,https://714tb66.gaf54.rylvib.com/,ok,7.4,0.0,20.4,34.8
714tb72.lwm74.rylvib.com,gom.lauooxfaaxovl.oaqngrnkybdfduxoga,WSENnA,80,65,2026-07-27 08:58,2026-07-27 08:58,10,0,false,/home/ninini/Agents/APK-Research/new_samples/714tb72.lwm74.rylvib.com.apk,714tb72.lwm74.rylvib.com,https://714tb72.lwm74.rylvib.com/,ok,6.9,0.0,18.1,37.4
715tb72.gtzpt.nlvbhw.com,hab.fmnvhtgaououa.tlxcbthfenbdseryro,PZHFYf,80,65,2026-07-27 09:00,2026-07-27 09:00,10,0,false,/home/ninini/Agents/APK-Research/new_samples/715tb72.gtzpt.nlvbhw.com.apk,715tb72.gtzpt.nlvbhw.com,https://715tb72.gtzpt.nlvbhw.com/,ok,7.1,0.0,17.9,37.5
715tb74.jdekg.nlvbhw.com,maf.utlsnfuxnllcn.hwofimkkbhblgplhli,KZkTSz,80,65,2026-07-27 09:01,2026-07-27 09:01,8,0,false,/home/ninini/Agents/APK-Research/new_samples/715tb74.jdekg.nlvbhw.com.apk,715tb74.jdekg.nlvbhw.com,https://715tb74.jdekg.nlvbhw.com/,ok,7.5,0.0,18.5,37.3
716od20.zhdyw.unlgqb.com,gom.lauooxfaaxovl.oaqngrnkybdfduxoga,WSENnA,80,65,2026-07-27 09:03,2026-07-27 09:03,7,0,false,/home/ninini/Agents/APK-Research/new_samples/716od20.zhdyw.unlgqb.com.apk,716od20.zhdyw.unlgqb.com,https://716od20.zhdyw.unlgqb.com/,ok,6.5,0.0,17.8,37.5
718daa06.des71.fnpyvc.cn,iob.nlpiiowixhemh.qhwbksxvotpoynatrj,dtGAIS,80,65,2026-07-27 09:04,2026-07-27 09:04,7,0,false,/home/ninini/Agents/APK-Research/new_samples/718daa06.des71.fnpyvc.cn.apk,718daa06.des71.fnpyvc.cn,https://718daa06.des71.fnpyvc.cn/,ok,7.3,0.0,18.1,37.4
718dao02.cwv16.fnpyvc.cn,maf.utlsnfuxnllcn.hwofimkkbhblgplhli,KZkTSz,80,65,2026-07-27 09:06,2026-07-27 09:06,10,0,false,/home/ninini/Agents/APK-Research/new_samples/718dao02.cwv16.fnpyvc.cn.apk,718dao02.cwv16.fnpyvc.cn,https://718dao02.cwv16.fnpyvc.cn/,ok,6.5,0.0,18.3,37.2
718hu110.mup65.fnpyvc.cn,iob.nlpiiowixhemh.qhwbksxvotpoynatrj,dtGAIS,80,65,2026-07-27 09:07,2026-07-27 09:07,7,0,false,/home/ninini/Agents/APK-Research/new_samples/718hu110.mup65.fnpyvc.cn.apk,718hu110.mup65.fnpyvc.cn,https://718hu110.mup65.fnpyvc.cn/,ok,7.5,0.0,17.8,37.4
718od21.ruy19.bxgsnj.com,iob.nlpiiowixhemh.qhwbksxvotpoynatrj,dtGAIS,80,65,2026-07-27 09:09,2026-07-27 09:09,8,0,false,/home/ninini/Agents/APK-Research/new_samples/718od21.ruy19.bxgsnj.com.apk,718od21.ruy19.bxgsnj.com,https://718od21.ruy19.bxgsnj.com/,ok,7.4,0.0,19.0,37.5
719gx005.riu74.hgzvpx.cn,sye.irptttdhkndjf.wbwpellecnkesrbflg,ffvaSv,80,65,2026-07-27 09:10,2026-07-27 09:10,8,0,false,/home/ninini/Agents/APK-Research/new_samples/719gx005.riu74.hgzvpx.cn.apk,719gx005.riu74.hgzvpx.cn,https://719gx005.riu74.hgzvpx.cn/,ok,7.3,0.0,18.2,37.8
719hu112.csq19.hgzvpx.cn,rkp.saypyhimakart.ujpvorxxatdnfdmxtu,OUSqJK,80,65,2026-07-27 09:12,2026-07-27 09:12,7,0,false,/home/ninini/Agents/APK-Research/new_samples/719hu112.csq19.hgzvpx.cn.apk,719hu112.csq19.hgzvpx.cn,https://719hu112.csq19.hgzvpx.cn/,ok,8.1,0.0,17.8,37.5
719hu117.hxw31.hgzvpx.cn,ynd.fwetsrmiclrmn.nphurtfwqghslelxrw,UMkfwl,80,65,2026-07-27 09:13,2026-07-27 09:13,8,0,false,/home/ninini/Agents/APK-Research/new_samples/719hu117.hxw31.hgzvpx.cn.apk,719hu117.hxw31.hgzvpx.cn,https://719hu117.hxw31.hgzvpx.cn/,ok,6.7,0.0,17.7,37.7
719hu134.bbs60.hgzvpx.cn,sye.irptttdhkndjf.wbwpellecnkesrbflg,ffvaSv,80,65,2026-07-27 09:15,2026-07-27 09:15,9,0,false,/home/ninini/Agents/APK-Research/new_samples/719hu134.bbs60.hgzvpx.cn.apk,719hu134.bbs60.hgzvpx.cn,https://719hu134.bbs60.hgzvpx.cn/,ok,8.7,0.0,17.8,37.8
719si025.ewo19.hgzvpx.cn,ynd.fwetsrmiclrmn.nphurtfwqghslelxrw,UMkfwl,80,65,2026-07-27 09:16,2026-07-27 09:16,9,0,false,/home/ninini/Agents/APK-Research/new_samples/719si025.ewo19.hgzvpx.cn.apk,719si025.ewo19.hgzvpx.cn,https://719si025.ewo19.hgzvpx.cn/,ok,7.2,0.0,17.8,37.9
719zok05.cyb50.hgzvpx.cn,gsi.hstrqmqjfixvb.swwiwkjywllqyqfiod,zttCCw,80,65,2026-07-27 09:18,2026-07-27 09:18,10,0,false,/home/ninini/Agents/APK-Research/new_samples/719zok05.cyb50.hgzvpx.cn.apk,719zok05.cyb50.hgzvpx.cn,https://719zok05.cyb50.hgzvpx.cn/,ok,7.9,0.0,17.8,37.7
719zok06.gvj72.hgzvpx.cn,gsi.hstrqmqjfixvb.swwiwkjywllqyqfiod,zttCCw,80,65,2026-07-27 09:19,2026-07-27 09:19,8,0,false,/home/ninini/Agents/APK-Research/new_samples/719zok06.gvj72.hgzvpx.cn.apk,719zok06.gvj72.hgzvpx.cn,https://719zok06.gvj72.hgzvpx.cn/,ok,7.3,0.0,17.7,37.4
720dao04.eszgb.tepehd.cn,rhp.dxlntqnntjngf.sbmdqidqjimmxnovex,TUcSHj,80,65,2026-07-27 09:21,2026-07-27 09:21,11,0,false,/home/ninini/Agents/APK-Research/new_samples/720dao04.eszgb.tepehd.cn.apk,720dao04.eszgb.tepehd.cn,https://720dao04.eszgb.tepehd.cn/,ok,6.8,0.0,17.7,37.8
720hu119.fqw17.tepehd.cn,rhp.dxlntqnntjngf.sbmdqidqjimmxnovex,TUcSHj,80,65,2026-07-27 09:22,2026-07-27 09:22,7,0,false,/home/ninini/Agents/APK-Research/new_samples/720hu119.fqw17.tepehd.cn.apk,720hu119.fqw17.tepehd.cn,https://720hu119.fqw17.tepehd.cn/,ok,7.5,0.0,17.7,37.9
720hu120.ewn47.tepehd.cn,rhp.dxlntqnntjngf.sbmdqidqjimmxnovex,TUcSHj,80,65,2026-07-27 09:24,2026-07-27 09:24,6,0,false,/home/ninini/Agents/APK-Research/new_samples/720hu120.ewn47.tepehd.cn.apk,720hu120.ewn47.tepehd.cn,https://720hu120.ewn47.tepehd.cn/,ok,6.2,0.0,18.9,38.2
720mzi01.fjuli.tepehd.cn,rbh.oealanpgbbksa.xeqfvpomahbghgoayj,ShhBmP,80,65,2026-07-27 09:25,2026-07-27 09:25,9,0,false,/home/ninini/Agents/APK-Research/new_samples/720mzi01.fjuli.tepehd.cn.apk,720mzi01.fjuli.tepehd.cn,https://720mzi01.fjuli.tepehd.cn/,ok,6.1,0.0,18.0,38.7
720si001.iun55.tepehd.cn,rbh.oealanpgbbksa.xeqfvpomahbghgoayj,ShhBmP,80,65,2026-07-27 09:27,2026-07-27 09:27,7,0,false,/home/ninini/Agents/APK-Research/new_samples/720si001.iun55.tepehd.cn.apk,720si001.iun55.tepehd.cn,https://720si001.iun55.tepehd.cn/,ok,4.6,0.0,18.7,39.0
720si066.ifcrw.tepehd.cn,xcf.lkmwiiyhamhwb.xbrcaofmpnjlipmouv,LwLblj,80,65,2026-07-27 09:28,2026-07-27 09:28,6,0,false,/home/ninini/Agents/APK-Research/new_samples/720si066.ifcrw.tepehd.cn.apk,720si066.ifcrw.tepehd.cn,https://720si066.ifcrw.tepehd.cn/,ok,4.5,0.0,18.6,38.9
720zok04.hit77.tepehd.cn,rbh.oealanpgbbksa.xeqfvpomahbghgoayj,ShhBmP,80,65,2026-07-27 09:30,2026-07-27 09:30,8,0,false,/home/ninini/Agents/APK-Research/new_samples/720zok04.hit77.tepehd.cn.apk,720zok04.hit77.tepehd.cn,https://720zok04.hit77.tepehd.cn/,ok,5.7,0.0,19.4,38.5
720zok06.nwd25.tepehd.cn,rbh.oealanpgbbksa.xeqfvpomahbghgoayj,ShhBmP,80,65,2026-07-27 09:31,2026-07-27 09:31,8,0,false,/home/ninini/Agents/APK-Research/new_samples/720zok06.nwd25.tepehd.cn.apk,720zok06.nwd25.tepehd.cn,https://720zok06.nwd25.tepehd.cn/,ok,6.2,0.0,19.4,38.9
720zok07.oho18.tepehd.cn,rpp.syebjmppthamp.qhyrefnxwmigfjtqsx,BDXbVF,80,65,2026-07-27 09:33,2026-07-27 09:33,7,0,false,/home/ninini/Agents/APK-Research/new_samples/720zok07.oho18.tepehd.cn.apk,720zok07.oho18.tepehd.cn,https://720zok07.oho18.tepehd.cn/,ok,6.9,0.0,19.1,38.9
721dao03.vtlzd.msleia.cn,tbp.krajmmifjelco.frbwydwuvpibmfolxs,zZoQPo,80,65,2026-07-27 09:35,2026-07-27 09:35,6,0,false,/home/ninini/Agents/APK-Research/new_samples/721dao03.vtlzd.msleia.cn.apk,721dao03.vtlzd.msleia.cn,https://721dao03.vtlzd.msleia.cn/,ok,6.5,0.0,19.0,39.1
721hu102.exv90.msleia.cn,pdo.ucyqitskgrudl.kuafjofeaeuxxjcafw,fLwoGE,80,65,2026-07-27 09:36,2026-07-27 09:36,7,0,false,/home/ninini/Agents/APK-Research/new_samples/721hu102.exv90.msleia.cn.apk,721hu102.exv90.msleia.cn,https://721hu102.exv90.msleia.cn/,ok,6.7,0.0,18.9,38.8
721hu129.efrfa.msleia.cn,rpp.syebjmppthamp.qhyrefnxwmigfjtqsx,BDXbVF,80,65,2026-07-27 09:38,2026-07-27 09:38,8,0,false,/home/ninini/Agents/APK-Research/new_samples/721hu129.efrfa.msleia.cn.apk,721hu129.efrfa.msleia.cn,https://721hu129.efrfa.msleia.cn/,ok,6.7,0.0,19.0,39.0
721hu138.elnom.msleia.cn,nmg.aqaphmbqyavof.hmyoulkcoyqcksstyf,GLsfpJ,80,65,2026-07-27 09:39,2026-07-27 09:39,9,0,false,/home/ninini/Agents/APK-Research/new_samples/721hu138.elnom.msleia.cn.apk,721hu138.elnom.msleia.cn,https://721hu138.elnom.msleia.cn/,ok,7.1,0.0,19.2,38.6
721hu140.rlmie.msleia.cn,pdo.ucyqitskgrudl.kuafjofeaeuxxjcafw,fLwoGE,80,65,2026-07-27 09:41,2026-07-27 09:41,8,0,false,/home/ninini/Agents/APK-Research/new_samples/721hu140.rlmie.msleia.cn.apk,721hu140.rlmie.msleia.cn,https://721hu140.rlmie.msleia.cn/,ok,5.9,0.0,18.8,38.9
721si002.djx77.msleia.cn,vka.vxueijvcejclr.hdowybbqodbigjiena,TPhIok,80,65,2026-07-27 09:42,2026-07-27 09:42,8,0,false,/home/ninini/Agents/APK-Research/new_samples/721si002.djx77.msleia.cn.apk,721si002.djx77.msleia.cn,https://721si002.djx77.msleia.cn/,ok,6.1,0.0,19.7,38.9
721si006.qeg22.msleia.cn,vka.vxueijvcejclr.hdowybbqodbigjiena,TPhIok,80,65,2026-07-27 09:44,2026-07-27 09:44,10,0,false,/home/ninini/Agents/APK-Research/new_samples/721si006.qeg22.msleia.cn.apk,721si006.qeg22.msleia.cn,https://721si006.qeg22.msleia.cn/,ok,6.7,0.0,18.8,38.9
721xu007.xon43.msleia.cn,vka.vxueijvcejclr.hdowybbqodbigjiena,TPhIok,80,65,2026-07-27 09:45,2026-07-27 09:45,9,0,false,/home/ninini/Agents/APK-Research/new_samples/721xu007.xon43.msleia.cn.apk,721xu007.xon43.msleia.cn,https://721xu007.xon43.msleia.cn/,ok,6.0,0.0,19.1,39.2
721xu008.dgd14.msleia.cn,hms.nrdyujwxcviib.qwmfvdcenvmlmgxcsv,hByzxh,80,65,2026-07-27 09:47,2026-07-27 09:47,9,0,false,/home/ninini/Agents/APK-Research/new_samples/721xu008.dgd14.msleia.cn.apk,721xu008.dgd14.msleia.cn,https://721xu008.dgd14.msleia.cn/,ok,6.0,0.0,19.0,38.9
